disease,pitch_mean,pitch_std,pitch_median,pitch_p5,pitch_p95,mfcc_1_mean,mfcc_2_mean,mfcc_3_mean,mfcc_4_mean,mfcc_5_mean,mfcc_6_mean,mfcc_7_mean,mfcc_8_mean,mfcc_9_mean,mfcc_10_mean,mfcc_11_mean,mfcc_12_mean,mfcc_13_mean,mfcc_1_std,mfcc_2_std,mfcc_3_std,mfcc_4_std,mfcc_5_std,mfcc_6_std,mfcc_7_std,mfcc_8_std,mfcc_9_std,mfcc_10_std,mfcc_11_std,mfcc_12_std,mfcc_13_std,zcr_mean,zcr_std,rms_mean,rms_std,spectral_centroid_mean,spectral_centroid_std,spectral_bandwidth_mean,spectral_bandwidth_std,spectral_rolloff_mean,spectral_rolloff_std,subject_id,filename,label,label_name
respiratory,202.5674697701836,49.2551727171404,194.77991999396855,134.5844400993791,305.6424556337383,-257.3243408203125,151.63583374023438,-7.625839233398437,-2.456199407577514,-4.812481880187988,-14.165648460388184,-11.509794235229492,-11.037867546081545,-10.170828819274902,-4.185894012451172,-9.189085960388184,1.9167706966400144,-7.824061393737793,57.12458801269531,39.20318603515625,26.445425033569336,20.2976131439209,14.956198692321776,12.38141632080078,11.29702377319336,11.36964225769043,8.852659225463867,9.138409614562988,7.793604373931885,7.253822326660156,8.608702659606934,0.0742215214622033,0.0744370239188456,0.0767060369253158,0.0578023642301559,1380.7572974906625,1037.850286215406,1505.9166117902057,630.9576276743642,2385.102244279702,1874.6019848387848,S001,respiratory_disease_001.wav,1,RESPIRATORY
respiratory,181.24834736330192,41.22811278441582,176.56241769755178,129.25125509628114,260.0,-202.6735382080078,165.49183654785156,-16.742918014526367,2.844106435775757,-13.493471145629885,-7.942224502563477,-9.358736038208008,-3.596623182296753,-8.83269214630127,0.0707461014389991,-11.34760570526123,-1.4671767950057983,-13.739476203918455,42.7067985534668,37.89307022094727,23.3757266998291,15.5626220703125,13.28977108001709,11.389151573181152,11.802803993225098,10.62034034729004,10.015901565551758,8.912758827209473,8.215752601623535,6.364370822906494,6.656315803527832,0.0758838948819659,0.0608729006203832,0.1016952395439148,0.0562242269515991,1357.4398375091814,909.06010623646,1468.760480649929,654.4652456094155,2421.879799668634,1882.32923881819,S002,respiratory_disease_002.wav,1,RESPIRATORY
respiratory,210.11985287899316,83.06210489495886,180.68936857950385,134.51097432456226,437.2661359319316,-243.5452117919922,153.28726196289062,-6.667770385742188,1.0826603174209597,-9.48459243774414,-12.04671573638916,-8.209247589111328,0.4196898937225342,-7.065798759460449,-2.298309564590454,-16.95586585998535,-5.729214191436768,-16.892295837402344,49.24274826049805,41.324466705322266,23.523157119750977,19.43415069580078,15.374074935913086,14.220433235168455,11.347227096557615,12.250350952148438,9.815560340881348,9.52155590057373,9.806856155395508,8.215588569641113,7.645264148712158,0.0783043891898864,0.0722220621367126,0.0951771661639213,0.0552427619695663,1390.091007790798,1070.1931576898892,1490.6533898642208,642.2760962817243,2407.7132186653444,1980.2798239215244,S003,respiratory_disease_003.wav,1,RESPIRATORY
respiratory,186.55550763032792,60.48745588465778,171.53602840047623,121.29428889978496,343.0720568009525,-238.695068359375,163.27392578125,-10.842793464660645,-0.3230635523796081,-12.608753204345703,-7.2058305740356445,-13.197945594787598,-5.56812858581543,-12.536001205444336,2.237855911254883,-10.831380844116213,2.87705397605896,-11.818798065185549,49.91029739379883,41.59189987182617,24.055519104003903,14.17017650604248,16.31007194519043,14.056007385253906,14.049869537353516,12.466062545776367,10.881866455078123,9.740367889404297,8.843713760375977,8.68299388885498,7.954462051391602,0.073153935689986,0.0638637970261544,0.0909579470753669,0.0521038807928562,1377.023766950828,1089.9385435865995,1437.539733185533,663.2976486063465,2330.785161701849,2005.616417860913,S004,respiratory_disease_004.wav,1,RESPIRATORY
respiratory,207.8086408799279,45.457523989366734,190.3311404729313,143.5794037787936,283.532010492967,-225.6954040527344,158.43475341796875,-10.982592582702637,-0.375022292137146,-8.77336597442627,-13.14678192138672,-9.745229721069336,-12.441205024719238,-8.788679122924805,-7.411232471466064,-7.612100124359131,0.5179422497749329,-6.599996089935303,50.4141845703125,39.980712890625,29.553226470947266,19.064281463623047,15.090107917785645,11.052249908447266,10.18505859375,10.8202486038208,9.422085762023926,8.948598861694336,6.5931782722473145,7.638297080993652,7.855989933013916,0.0732144728779669,0.069116109223801,0.092147946357727,0.0565750859677791,1475.8520938437462,1085.392284404326,1626.216912866535,771.0203796249684,2620.928596047794,2179.068538888684,S005,respiratory_disease_005.wav,1,RESPIRATORY
respiratory,186.9135929448836,41.09043470944177,177.5852333780714,135.16916989698842,268.00615619517043,-200.29071044921875,168.68917846679688,-19.739093780517575,-1.81322717666626,-9.19909954071045,-10.940824508666992,-7.561983108520508,-8.478876113891602,-4.025748252868652,-4.922996520996094,-9.269161224365234,-5.44220495223999,-13.643644332885742,40.16914367675781,36.7275505065918,27.470483779907227,15.160520553588867,11.73869800567627,10.11040496826172,9.24488353729248,9.726136207580566,8.759488105773926,7.471854209899902,6.453218936920166,5.897231101989746,7.950666427612305,0.0712580725135448,0.0493722120223374,0.105393536388874,0.0565005242824554,1340.2304303177168,930.5216382147296,1468.7098335430892,677.224165943402,2351.658002068015,1908.518695812986,S006,respiratory_disease_006.wav,1,RESPIRATORY
respiratory,197.37122371665276,56.05755664879175,175.5454930018647,136.14823596668148,339.1315381390467,-223.62454223632807,166.13015747070312,-16.736051559448242,-1.841198205947876,-9.70920753479004,-11.914891242980955,-11.108119010925291,-11.129992485046388,-7.859615325927734,-1.6810765266418457,-8.64521598815918,1.9399040937423704,-11.43120574951172,48.07088470458984,38.756160736083984,28.786754608154297,18.02271842956543,14.847214698791504,12.432903289794922,11.711602210998535,12.093870162963867,9.061429023742676,9.014927864074709,7.91056489944458,7.460943222045898,7.620927333831787,0.0668705715947546,0.0517217756840031,0.096797302365303,0.0500084422528743,1339.4487517779594,953.3040061078314,1455.350372336546,655.0113174679965,2336.1339278632613,1831.9997534656045,S007,respiratory_disease_007.wav,1,RESPIRATORY
respiratory,182.7952980303739,50.25719283359822,176.56241769755178,133.03860595958074,275.4604045334168,-226.78663635253903,157.32479858398438,-9.30960464477539,4.009060382843018,-5.8423590660095215,-9.93866729736328,-12.072245597839355,-4.997697353363037,-10.65495491027832,-0.2883480191230774,-13.317220687866213,0.986918330192566,-12.198759078979492,47.6556396484375,34.794681549072266,20.974538803100582,16.879962921142578,14.402043342590332,11.39669704437256,11.177546501159668,12.200538635253906,9.24248218536377,9.30977725982666,9.662830352783203,7.110116481781006,7.18211841583252,0.0676682731069401,0.0586256075088099,0.09627465903759,0.0621557310223579,1324.3241933227034,906.689738118663,1518.0263097510656,593.0337312723404,2354.5024293125966,1759.8442689120034,S008,respiratory_disease_008.wav,1,RESPIRATORY
respiratory,196.7014021682467,39.2899915858284,193.6580702059513,143.87017834943006,270.72815965904965,-207.2058563232422,158.1482391357422,-13.41461944580078,-2.6766481399536133,-7.73725700378418,-14.015764236450195,-5.817080020904541,-8.907999992370605,-4.245830059051514,-5.843164443969727,-7.860287189483643,-4.348008632659912,-13.049744606018066,41.57857894897461,36.31393814086914,28.21709251403809,20.137563705444336,13.010196685791016,11.866040229797363,10.496460914611816,10.58797836303711,8.26680850982666,8.941469192504883,6.427917957305908,6.269199848175049,6.091011047363281,0.0826668274940617,0.0696362450913905,0.0982943996787071,0.0576479285955429,1489.3001235819645,1087.74221937955,1637.5623551937883,763.1008288197366,2664.9192973157287,2143.457256528321,S009,respiratory_disease_009.wav,1,RESPIRATORY
respiratory,179.9536735223626,57.04333517892158,170.54805357686834,116.48775344855382,347.05836208420885,-229.3189849853516,167.45550537109375,-15.604907035827637,4.950287818908691,-12.456989288330078,-5.019011497497559,-15.56024932861328,-3.0949482917785645,-10.69140625,2.302070379257202,-11.482686042785645,2.004339694976806,-11.661874771118164,42.85367965698242,39.57132339477539,23.632795333862305,15.214729309082031,14.811691284179688,13.248981475830078,11.92023468017578,12.080065727233888,10.554837226867676,9.998523712158203,9.952596664428713,7.51112174987793,7.703912734985352,0.072468016670539,0.0637449311810517,0.0868580192327499,0.0456335321068763,1351.2665041510215,982.7113234740784,1446.6780779972105,657.5975825296999,2396.829620701673,1941.3401686183463,S010,respiratory_disease_010.wav,1,RESPIRATORY
respiratory,179.80811945734945,39.34414832985616,181.73609144327253,127.54591323655345,269.6366640368455,-237.60179138183597,164.00048828125,-12.015131950378418,2.3533918857574463,-8.062491416931152,-8.56942081451416,-12.186575889587402,-8.047833442687988,-12.97486686706543,-3.9232232570648193,-12.54013729095459,2.2838070392608643,-9.30895709991455,45.501712799072266,35.952606201171875,23.025531768798828,14.325389862060549,14.755887031555176,12.320987701416016,11.06951141357422,10.988130569458008,9.302919387817385,9.0828275680542,8.968489646911621,7.822134494781494,7.709317684173584,0.0686760979729729,0.0710570971030498,0.0810963883996009,0.0506614074110984,1309.4164339758963,953.99958596895,1445.1486095752214,616.5817281711231,2286.8095439189187,1801.6454823854417,S011,respiratory_disease_011.wav,1,RESPIRATORY
respiratory,192.15497736223023,40.48029712467283,180.68936857950385,137.73020226670835,266.0772119191614,-216.5451812744141,157.3013458251953,-10.869625091552734,-0.248337060213089,-9.616050720214844,-11.227620124816896,-9.442031860351562,-9.547530174255373,-8.464953422546387,-3.4669461250305176,-8.396658897399902,0.8997847437858582,-9.872710227966309,45.399940490722656,42.55839157104492,25.78771209716797,18.02715301513672,13.517033576965332,10.640135765075684,11.093792915344238,10.316850662231444,8.382542610168457,8.972806930541992,7.037073612213135,6.812379837036133,7.286730766296387,0.0785347564875731,0.0672903979802294,0.0905792266130447,0.0535041987895965,1481.7397476978415,1097.870104505317,1595.3934579705078,734.844279700073,2631.418810392681,2155.848818693102,S012,respiratory_disease_012.wav,1,RESPIRATORY
respiratory,171.5100317484815,37.861824195917485,160.04877373483913,124.84848285663055,245.40732129724032,-228.0222930908203,166.57717895507812,-15.23161792755127,-0.7608088850975037,-10.945048332214355,-6.956954479217529,-10.36794662475586,-5.636343955993652,-10.956942558288574,-0.9620180130004884,-9.803357124328612,1.3667138814926147,-8.889082908630371,36.213375091552734,35.49643325805664,19.09748649597168,14.651575088500977,13.27165985107422,12.123632431030272,12.050472259521484,10.745172500610352,8.73996353149414,8.844682693481445,7.910924434661865,6.703617095947266,6.682118892669678,0.0721724030895252,0.0603593721531141,0.0720496699213981,0.0428182184696197,1319.2175820670216,883.3914538853811,1418.6553574940806,618.2038501747701,2330.747017402767,1788.7861132602238,S013,respiratory_disease_013.wav,1,RESPIRATORY
respiratory,206.84822174443516,54.37629190709901,198.18461302324903,135.36407982952483,325.6927540422733,-241.8729553222656,147.54808044433594,-3.46899962425232,-3.29616641998291,-4.738101959228516,-13.610150337219238,-10.08053207397461,-10.515836715698242,-8.399789810180664,-5.8231201171875,-6.171083927154541,0.6491698026657104,-8.833349227905273,51.4155502319336,42.3036003112793,31.420886993408203,20.47582054138184,13.521459579467772,11.8750581741333,10.255678176879885,9.601214408874512,10.268747329711914,8.858366966247559,7.243693351745605,6.881228923797607,7.955313682556152,0.0814028114748496,0.0780188257112622,0.0789317414164543,0.0468162968754768,1562.4402544566672,1281.33652180658,1659.6374747847233,793.4217708684225,2764.7090521844248,2369.020976911627,S014,respiratory_disease_014.wav,1,RESPIRATORY
respiratory,183.54175915898347,38.78969688918013,174.53442536143424,135.36407982952483,260.903698806585,-219.8500213623047,170.93858337402344,-18.56300926208496,-2.447072029113769,-11.410896301269531,-9.537602424621582,-6.659194946289063,-7.109440803527832,-6.225300312042236,-4.451810836791992,-13.714094161987305,-3.8562729358673096,-14.670729637145996,38.85245895385742,34.60017013549805,21.135284423828125,15.46560287475586,13.346145629882812,10.410120010375977,9.785861015319824,10.605466842651367,8.294629096984863,7.609100818634033,6.77365779876709,7.551276683807373,6.796505928039551,0.069376192278949,0.0493910348577217,0.0925813242793083,0.0502524189651012,1251.8372545920347,797.4078702882454,1394.708467042527,587.5881923892447,2138.8473981277534,1628.5178969432984,S015,respiratory_disease_015.wav,1,RESPIRATORY
respiratory,216.07847164657332,71.40333155783993,198.75864891514857,144.24403136881983,410.3471566160936,-212.3134307861328,159.87705993652344,-14.831757545471191,-3.088597059249878,-8.348422050476074,-13.245766639709473,-6.280773162841797,-10.109356880187988,-2.199755907058716,-6.150465965270996,-8.62243366241455,-5.073185443878174,-13.174032211303713,44.50089263916016,37.955604553222656,25.86318588256836,17.20229721069336,11.934653282165527,10.350613594055176,9.108319282531738,9.635993003845217,8.513275146484375,8.289677619934082,6.743038177490234,6.057351112365723,7.110417366027832,0.0746197186526479,0.0535701757308524,0.0971181616187095,0.0532547682523727,1391.0054904144358,962.992243872596,1550.7875839973408,676.7303843528796,2414.7240070093458,1879.716523287008,S016,respiratory_disease_016.wav,1,RESPIRATORY
respiratory,189.02510800000547,38.41999031228537,180.68936857950385,134.5844400993791,269.16888019875813,-233.51612854003903,160.86817932128906,-13.189773559570312,0.3020455837249756,-5.65903902053833,-10.706609725952148,-10.239875793457031,-11.77216339111328,-10.39297103881836,-7.12589168548584,-11.162979125976562,0.3909226655960083,-9.541869163513184,49.28950881958008,38.7593879699707,27.262001037597656,18.76368904113769,12.452902793884276,11.398279190063477,10.294994354248049,9.802918434143066,9.177878379821776,8.312186241149902,6.909743785858154,6.780712127685547,8.694836616516113,0.0718612434694272,0.0729869545223033,0.0838681459426879,0.0501484908163547,1400.9422388489515,1069.7641934283026,1536.0972402703528,689.1029736199822,2470.4628392269738,2000.938666707348,S017,respiratory_disease_017.wav,1,RESPIRATORY
respiratory,187.1497243585833,43.07612424418439,172.5297265040139,130.75308233882097,260.0,-213.928955078125,162.66543579101562,-10.65054416656494,3.0592377185821533,-4.640230178833008,-10.930808067321776,-11.016626358032228,-9.526942253112791,-12.30993938446045,-6.7093892097473145,-12.88443660736084,0.6164052486419678,-8.860501289367676,38.8951416015625,36.566627502441406,23.0861930847168,15.797974586486816,12.42967414855957,11.283268928527832,10.649750709533691,10.269089698791504,8.377861022949219,8.426427841186523,7.933077812194824,6.587663173675537,6.800038814544678,0.0630364039118937,0.0504728363995997,0.1001509204506874,0.0554998479783535,1311.928083672094,967.6259157298678,1475.2305695585198,644.4941093409545,2346.4080338138547,1892.164196053922,S018,respiratory_disease_018.wav,1,RESPIRATORY
respiratory,199.99099776093752,66.02483926336983,188.1450008672492,132.2723599733492,403.297638076771,-215.9188232421875,165.30465698242188,-13.71084213256836,-1.168359398841858,-9.887117385864258,-9.919193267822266,-9.404427528381348,-5.322630405426025,-7.873811721801758,-1.74029803276062,-11.141451835632324,-2.4210546016693115,-15.454904556274414,42.964576721191406,35.10113906860352,22.925649642944336,15.070773124694824,12.72209644317627,10.64557933807373,11.116938591003418,11.294482231140137,8.98119831085205,9.05634593963623,7.504949569702148,7.167364120483398,7.710102558135986,0.0721585457785087,0.0534203248304078,0.0973327159881591,0.0597343258559703,1329.3618197269084,887.2461740651726,1491.4024884412709,670.4663574056443,2351.3413373161766,1882.2260428144325,S019,respiratory_disease_019.wav,1,RESPIRATORY
respiratory,193.5968023095782,44.90308148011294,191.43371755306836,138.52806521170294,277.05613042340593,-205.3837127685547,163.49179077148438,-15.66629695892334,-1.3393794298171997,-13.175076484680176,-11.64441967010498,-5.120556831359863,-7.100716590881348,-4.266729354858398,-5.002180099487305,-9.612154006958008,-5.651952743530273,-13.937652587890623,45.88071060180664,41.3484001159668,27.10719490051269,18.49107360839844,14.835554122924805,11.013201713562012,10.97734546661377,9.71181583404541,8.663293838500977,8.12114143371582,7.010111808776856,6.045156002044678,6.899333477020264,0.0725022475182333,0.0452365054297315,0.1046571061015129,0.0579397827386856,1406.803478199921,1017.3829241301416,1506.037791816224,697.5452744102578,2445.647214027046,1986.9705398001947,S020,respiratory_disease_020.wav,1,RESPIRATORY
respiratory,183.45271785331505,39.05508702803117,177.5852333780714,134.0418355643715,272.9301564414952,-236.92149353027344,158.29495239257812,-11.086334228515623,-0.3627025187015533,-6.158246040344238,-10.314126968383787,-11.113564491271973,-3.631005764007568,-7.118011474609375,-1.8907759189605715,-13.58712387084961,-1.7903565168380735,-16.33355712890625,52.74262237548828,37.95266342163086,27.438138961791992,16.26972770690918,11.56406593322754,12.383855819702148,9.956669807434082,11.372288703918455,9.175902366638184,9.589277267456056,9.046568870544434,6.939400672912598,7.93418550491333,0.0819303493563123,0.0764454857084365,0.0821308046579361,0.0562929883599281,1453.4497010204334,1099.8626985816124,1567.8725149411905,714.3403962256821,2596.7540652252906,2108.631976613629,S021,respiratory_disease_021.wav,1,RESPIRATORY
respiratory,191.74668928077173,44.29519546337167,178.6139741695516,138.28870632820457,283.532010492967,-223.63226318359372,163.3799591064453,-17.39112663269043,5.819911956787109,-6.62176513671875,-12.636667251586914,-10.420438766479492,-11.01951026916504,-6.877212524414063,-7.315732002258301,-8.794143676757812,-0.2933336496353149,-9.699246406555176,44.40345001220703,39.43501281738281,25.78425407409668,16.155466079711914,12.235855102539062,11.63319206237793,8.808730125427246,8.99305248260498,8.71445083618164,8.421716690063477,7.678828716278076,7.092447280883789,6.9132256507873535,0.0703621923396017,0.0662696036888399,0.0869620665907859,0.0520092062652111,1349.9429697683593,948.1771263690072,1510.8131394535196,608.7890679955038,2401.81760534776,1757.7573167553603,S022,respiratory_disease_022.wav,1,RESPIRATORY
respiratory,169.28655779517416,35.017622250533655,161.90845090664698,120.73701540633982,232.97550689710764,-220.0858612060547,174.13525390625,-19.77849578857422,6.036507606506348,-11.59851360321045,-7.773897171020508,-9.076504707336426,-3.846894264221192,-9.216371536254885,-0.0326770320534706,-13.884227752685549,-3.157150983810425,-13.642205238342283,42.4008674621582,32.3521728515625,16.985795974731445,14.590426445007324,15.988810539245604,10.584837913513184,10.73338508605957,9.879316329956056,9.349767684936523,8.862156867980957,9.52662181854248,7.161993503570557,6.896524429321289,0.0636992872807017,0.0526417795593477,0.1043130680918693,0.0606759712100029,1143.0455731596703,679.6366339865805,1301.645731328963,463.3059023105543,1957.8548277863777,1350.0073732262222,S023,respiratory_disease_023.wav,1,RESPIRATORY
respiratory,177.0222773821979,43.85512527139238,175.5454930018647,121.29428889978496,243.99387913449723,-219.1756896972656,165.88858032226562,-12.753732681274414,2.700906753540039,-10.642909049987791,-7.468065738677978,-12.706557273864746,-3.703163146972656,-9.661712646484377,-0.2541956007480621,-10.74706745147705,0.2468279302120208,-11.078940391540527,37.577449798583984,36.44445037841797,21.12617301940918,15.188307762145996,14.737456321716309,13.00632095336914,12.394296646118164,11.089031219482422,8.78934097290039,10.075756072998049,8.856632232666016,7.226725101470947,6.414463996887207,0.0720005724329205,0.0571561222719669,0.0933128148317337,0.0577391535043716,1323.9430098440369,920.9536466031112,1437.0183791773038,653.1990814820671,2371.346771901606,1879.1152236064584,S024,respiratory_disease_024.wav,1,RESPIRATORY
respiratory,175.2651503330726,34.37722908963923,172.5297265040139,132.2723599733492,239.9411263395837,-213.9810791015625,162.58514404296875,-12.071574211120604,2.2526822090148926,-12.911962509155272,-4.085984706878662,-15.37891674041748,-5.269347190856934,-14.021085739135742,-0.8262211084365845,-12.345406532287598,2.397886037826538,-9.74301815032959,38.91919708251953,42.44133377075195,26.304004669189453,14.335115432739258,13.966257095336914,11.883261680603027,13.441604614257812,11.924477577209473,9.50816822052002,9.329580307006836,8.270602226257324,7.548239707946777,7.413543701171875,0.077949138125645,0.0675104587475333,0.0893984735012054,0.0512637346982955,1490.2197404639971,1111.2346529855245,1561.9234675785349,765.4418923596611,2710.80027482827,2260.115848831108,S025,respiratory_disease_025.wav,1,RESPIRATORY
respiratory,207.15121009636485,43.84775560265666,201.6488190383855,146.76537262479704,290.159257083858,-317.1569519042969,97.90097045898438,-7.83800458908081,5.781651496887207,-3.5078542232513428,-10.904537200927734,-6.870223045349121,-11.76368236541748,-8.170734405517578,-12.36338233947754,-5.189359188079834,-4.743416786193848,-8.599453926086426,130.11386108398438,68.95600891113281,36.32048034667969,27.92127227783203,19.91225242614746,19.88024139404297,12.988638877868652,13.637874603271484,14.048040390014648,12.088064193725586,9.889745712280272,9.671832084655762,10.961545944213867,0.0991270411464677,0.14690132044492,0.0880912765860557,0.0700605884194374,1854.8159120092675,1661.3413311580755,1839.577581820107,1059.8746921457862,3457.3839454790277,3159.388562872873,S026,respiratory_healthy_001.wav,0,HC
respiratory,232.31290976393944,89.94922996841687,207.55758045272896,150.23935437895167,479.6044206646884,-325.91473388671875,89.95425415039062,0.5995698571205139,5.918021202087402,-2.249241590499878,-9.853777885437012,-6.376887798309326,-11.791287422180176,-11.078784942626951,-11.835776329040527,-8.276369094848633,-2.438707113265991,-6.086768627166748,122.75843048095705,70.78445434570312,39.09689712524414,28.16621208190918,22.5180721282959,18.579740524291992,14.22304630279541,13.967557907104492,12.94601345062256,12.333884239196776,9.773877143859863,9.744157791137695,11.127923011779783,0.1395564753450722,0.1695610310010754,0.0827869772911071,0.0651971846818924,2109.3991742302883,2029.5101351253213,1910.599405142302,1145.3165566124064,3817.971357693982,3607.087945483827,S027,respiratory_healthy_002.wav,0,HC
respiratory,191.2956793881757,41.56066134739744,180.68936857950385,135.36407982952483,272.296471933363,-333.7750244140625,92.91112518310548,-0.612939178943634,9.427927017211914,2.547590732574463,-8.678145408630371,-6.872514247894287,-7.2090888023376465,-10.255108833312988,-11.07642650604248,-10.134696006774902,-0.4167439043521881,-9.868518829345703,125.9268569946289,70.19002532958984,38.55500411987305,28.73352813720703,20.418184280395508,19.767736434936523,13.111774444580078,13.37900733947754,13.07309627532959,12.79780101776123,11.217487335205078,9.2123384475708,11.602063179016112,0.1012688235960145,0.1506036068470576,0.0829178616404533,0.0700879916548729,1947.5370218897388,1749.2028552292163,1856.18207855839,997.6030395518284,3561.7095344151435,3139.593220622681,S028,respiratory_healthy_003.wav,0,HC
respiratory,192.7695901603492,41.29579967033943,187.0613654014066,136.14823596668148,278.66110025943624,-319.1822814941406,99.00872802734376,-3.912578582763672,10.300048828125,-0.5912780165672302,-12.731952667236328,-6.721379280090332,-10.225261688232422,-10.930381774902344,-11.960063934326172,-11.294045448303224,-2.3134162425994877,-10.83328914642334,123.0760498046875,65.96705627441406,39.923221588134766,28.77853012084961,21.673599243164062,19.01325225830078,14.14431858062744,13.357270240783691,13.05832862854004,12.055071830749512,10.905096054077148,7.287417411804199,12.19376277923584,0.0916394055566305,0.1331879024776373,0.0852428898215293,0.0618480071425437,1764.2070696703215,1572.7580780508024,1795.7678205670825,936.4136147237202,3251.7636703632934,2932.642736365707,S029,respiratory_healthy_004.wav,0,HC
respiratory,209.0768080588071,48.74897030196895,201.6488190383855,145.9200662802185,311.07506753820616,-325.4637451171875,92.77999114990234,-8.171435356140137,6.571362018585205,-2.223485231399536,-9.612202644348145,-9.402674674987791,-14.86780071258545,-6.491445541381836,-14.23033332824707,-5.938720226287842,-2.8266193866729736,-5.629804611206055,146.2959747314453,73.7580795288086,37.01925277709961,30.73296165466309,20.89937973022461,19.083131790161133,15.696247100830078,13.824258804321287,14.000849723815918,13.4527587890625,9.368277549743652,8.426179885864258,10.19929313659668,0.1079106601522187,0.1380474160712261,0.08956179022789,0.0728370770812034,1968.506341086421,1610.5443446047482,1914.2797740958133,1056.349423061015,3713.599766592493,3152.789348874843,S030,respiratory_healthy_005.wav,0,HC
respiratory,236.7306738425472,84.26629104017228,217.37383415501245,160.97592684906726,479.6044206646884,-313.9703063964844,91.32390594482422,-8.55437183380127,3.1392292976379395,-2.8489463329315186,-10.173187255859377,-8.076515197753906,-13.481956481933594,-5.70293664932251,-13.14522933959961,-3.290158748626709,-3.079940795898437,-2.5607495307922363,143.2429656982422,80.06436920166016,41.40324401855469,29.984533309936523,18.9681396484375,19.29780578613281,13.432941436767578,15.50617504119873,13.557544708251951,13.68656063079834,9.070353507995604,13.409828186035156,11.514434814453123,0.1724361359126984,0.2234909679388054,0.0906488746404647,0.0694183781743049,2306.33973905938,2106.592161341991,1944.277083435825,1088.1060999234228,4058.8515625,3557.8442632831598,S031,respiratory_healthy_006.wav,0,HC
respiratory,203.78311108336797,40.21512426745844,194.77991999396855,151.15343790536343,291.6720450127788,-308.87554931640625,90.87984466552734,-0.8428031802177429,1.802301049232483,-4.497438430786133,-7.941749095916748,-7.541678905487059,-14.781306266784668,-9.420524597167969,-11.181626319885254,-9.733319282531738,-2.410512208938598,-5.283784866333008,125.09447479248048,75.33891296386719,40.70474624633789,27.849262237548828,24.665447235107425,17.51274299621582,14.96492862701416,16.19537925720215,12.381010055541992,12.324358940124512,10.066862106323242,8.761981010437012,10.116147994995115,0.1133318921729876,0.1661620915071456,0.1043179035186767,0.080646276473999,1986.2000548466085,1926.5472358590036,1797.3839763761257,1041.333022701967,3466.1457073577785,3295.857689486673,S032,respiratory_healthy_007.wav,0,HC
respiratory,207.1782778391109,43.70698156609892,202.8169587634771,142.58724736030138,285.17449472060275,-316.3082580566406,98.41655731201172,-7.587299823760986,4.707711219787598,-1.0333428382873535,-10.024628639221191,-8.894561767578125,-13.730281829833984,-8.662344932556152,-12.547837257385254,-7.741686820983887,-2.6884493827819824,-7.260208606719971,120.43814086914062,70.39720916748047,38.8381462097168,30.787736892700195,19.454071044921875,18.61125946044922,14.59350299835205,15.289721488952637,15.090899467468262,13.292835235595703,9.665167808532717,9.466785430908203,11.533482551574709,0.1117680316369969,0.1496177220859744,0.0878566056489944,0.0687222182750701,1934.4060251300943,1709.082053196556,1850.658831289758,1027.2804435547596,3512.7343145317336,3131.29897062899,S033,respiratory_healthy_008.wav,0,HC
respiratory,203.07973952478,42.794382201645206,200.48740730303228,139.33055012971812,286.82649376257405,-320.4462890625,81.3863296508789,-2.0466158390045166,4.793274402618408,0.8270549178123474,-6.3928751945495605,-8.126137733459473,-11.832796096801758,-8.628535270690918,-9.160840034484863,-8.915642738342285,-1.4085081815719604,-8.385451316833496,123.2509765625,78.09639739990234,35.068016052246094,29.721641540527344,20.348613739013672,18.230281829833984,14.425617218017578,16.293291091918945,12.428277015686035,13.939408302307127,11.553756713867188,10.13402271270752,13.534951210021973,0.145254087292121,0.1866166867742118,0.0819606631994247,0.0687289983034133,2308.2040891734,2087.6042979185727,1917.33158609753,1026.2099317959555,4012.326119692271,3382.3296471111244,S034,respiratory_healthy_009.wav,0,HC
respiratory,210.60815619385036,47.77003412240842,199.33268480704808,151.9410423129619,310.89543456417414,-321.49755859375,91.09712982177734,-1.5406193733215332,6.333499431610107,-2.0872719287872314,-9.790950775146484,-6.367983341217041,-12.520428657531738,-8.700695991516113,-11.316664695739746,-7.241022109985352,-3.633901834487915,-7.332698345184326,131.12481689453125,73.19488525390625,36.795448303222656,32.407615661621094,21.062965393066406,18.18180656433105,15.488372802734377,14.37589168548584,13.980259895324709,12.078554153442385,9.122742652893066,10.618520736694336,11.050284385681152,0.1195104892285861,0.1592439738392916,0.0838818177580833,0.0641946718096733,2201.069040225301,1896.2044649247637,2008.0297644567493,1052.9585381835186,4015.6701622363594,3391.227295279912,S035,respiratory_healthy_010.wav,0,HC
respiratory,204.48078482589528,43.35531682781236,197.04315364635173,138.52806521170294,283.532010492967,-313.20977783203125,84.87669372558594,-4.244983673095703,9.976638793945312,1.0093783140182495,-10.775562286376951,-8.013869285583496,-10.874438285827637,-8.793370246887207,-11.88933563232422,-9.794757843017578,-1.3980717658996582,-7.68546724319458,132.4288787841797,74.98070526123047,33.51024627685547,27.266963958740234,20.16485595703125,20.71392059326172,13.436396598815918,14.440677642822266,12.171212196350098,12.461779594421388,10.868608474731444,8.276409149169922,12.035263061523438,0.1212391458499203,0.1611814997368697,0.0978626459836959,0.0815105959773063,2110.867245311112,1880.04866151799,1900.397372790816,1029.3900178443582,3845.29974870621,3262.690910280473,S036,respiratory_healthy_011.wav,0,HC
respiratory,218.9699221655977,66.4566596300226,198.18461302324903,154.59692495035372,323.16413497298794,-314.4255676269531,92.73187255859376,-6.20518684387207,1.578242301940918,-2.727726697921753,-9.919907569885254,-7.559452533721924,-13.603646278381348,-8.829493522644043,-10.487662315368652,-6.304908752441406,-3.897428750991821,-5.406910419464111,125.7694320678711,74.94548034667969,41.59125518798828,29.557239532470703,18.907026290893555,19.092601776123047,15.036810874938965,15.0228271484375,13.894842147827148,11.251029014587402,10.154081344604492,10.076348304748535,11.299727439880373,0.1305023602779927,0.1750965666801607,0.084101878106594,0.0658566281199455,2118.249761710916,1986.995807946638,1886.892731687504,1086.5300632754102,3776.332720588235,3422.238533913785,S037,respiratory_healthy_012.wav,0,HC
respiratory,199.46798136239076,45.93612972209988,192.54268179725332,140.13768379557115,296.2573055558515,-330.0314025878906,87.670166015625,-3.5766050815582275,3.7200229167938232,-2.3905932903289795,-6.873266220092773,-6.545671463012695,-11.821322441101074,-6.63961935043335,-9.84302043914795,-9.979791641235352,-1.438509821891785,-6.426347732543945,143.03306579589844,78.5678939819336,40.61932373046875,27.85745620727539,24.20368003845215,17.777265548706055,15.299262046813965,14.702890396118164,13.727209091186523,13.045151710510254,10.636018753051758,8.748963356018066,12.009025573730469,0.1380057255126821,0.1822082368624163,0.0838856473565101,0.0722896307706832,2122.613728656996,1888.1516037386052,1906.5718158326813,1096.2718014214597,3842.979514322214,3361.444632185376,S038,respiratory_healthy_013.wav,0,HC
respiratory,199.8003760213984,41.085809062971485,192.54268179725332,142.58724736030138,280.2753675911423,-313.4898681640625,83.39234924316406,-1.894203186035156,2.8094916343688965,-0.9876520037651062,-5.416167736053467,-6.126721382141113,-10.570103645324709,-7.920827865600586,-9.056153297424316,-10.10537815093994,-0.4996304512023926,-7.195343971252441,125.72462463378906,82.13023376464844,39.71315002441406,31.088838577270508,22.66544914245605,18.107681274414062,14.30716609954834,14.82102394104004,13.243014335632324,12.081589698791504,10.001365661621094,10.336909294128418,12.917781829833984,0.1427900158829979,0.1882319315487204,0.0859702080488205,0.0706463083624839,2374.704101837817,2110.4909922358893,1930.9686913597247,1019.20585783143,4084.653078439435,3418.1857454107308,S039,respiratory_healthy_014.wav,0,HC
respiratory,213.6284623872497,48.45358309284721,198.18461302324903,148.4707041104003,303.8820846259238,-328.5913391113281,97.63621520996094,-2.00410270690918,6.238279342651367,-3.857333898544312,-11.712469100952148,-7.965756893157959,-12.76414966583252,-9.02961254119873,-13.77651023864746,-5.945276260375977,-3.591817617416382,-5.893009662628174,130.71722412109375,70.13922119140625,38.272422790527344,30.377222061157227,22.832483291625977,19.673917770385746,16.129722595214844,14.42490291595459,14.397067070007324,12.746889114379885,8.913047790527344,10.137181282043455,10.316579818725586,0.0946996513977212,0.1372885181459542,0.0855024978518486,0.0699544921517372,1823.811060343111,1723.9470300303376,1792.4078699370516,1072.8001415831488,3332.237508073331,3188.1683476163967,S040,respiratory_healthy_015.wav,0,HC
respiratory,194.10367140393475,42.5441362085588,191.43371755306836,135.99140473925016,277.05613042340593,-326.4768981933594,93.76652526855467,-6.668037414550781,10.36155605316162,2.6347732543945312,-8.39121150970459,-8.590968132019043,-9.404996871948242,-7.659099102020264,-7.289662837982178,-12.30099868774414,0.8758111596107483,-10.36854362487793,133.68797302246094,74.55953979492188,37.56706237792969,28.05328941345215,21.564157485961918,19.76430320739746,13.968074798583984,14.436991691589355,13.817708015441896,11.538651466369627,11.788090705871582,8.423436164855957,12.015202522277832,0.1042639197948916,0.1349227191871297,0.0859532132744789,0.0691953003406524,1962.932752571193,1706.1709880169783,1813.4984622786644,986.0418481074756,3579.828353267705,3088.7504255869894,S041,respiratory_healthy_016.wav,0,HC
respiratory,220.7929724963934,64.38413339404923,211.1856230526212,151.9410423129619,331.3857631030082,-292.8182983398437,80.54637145996094,0.8304956555366516,5.031121730804443,1.7165095806121826,-10.99432373046875,-9.66270637512207,-11.82756805419922,-8.672660827636719,-13.589787483215332,-6.772891044616699,-1.5428578853607178,-5.477023601531982,124.38465118408205,77.771484375,38.302677154541016,27.961763381958008,19.61515235900879,19.151216506958008,13.855301856994627,15.80716323852539,13.833294868469238,13.418750762939451,9.593295097351074,11.439854621887209,11.085433959960938,0.1553190406507998,0.2089503529722791,0.1112219244241714,0.0861835181713104,2489.9371112992512,2379.7979746590067,1959.3428232914653,1079.8939082091715,4213.257856339493,3667.761917424275,S042,respiratory_healthy_017.wav,0,HC
respiratory,202.2959943049771,47.24130398397296,189.2349137694844,145.07962854192905,291.8401325604369,-316.2924499511719,80.68952178955078,0.36252561211586,9.19496726989746,0.6941826343536377,-10.013754844665527,-8.130253791809082,-8.257392883300781,-8.658672332763672,-10.750503540039062,-10.08485507965088,-1.3212072849273682,-7.147699356079102,126.32747650146484,73.34197235107422,36.30221939086914,26.63229751586914,22.3760986328125,19.25996398925781,14.186079025268556,13.075615882873535,12.210977554321287,12.112159729003906,10.143548011779783,8.36518383026123,11.48911476135254,0.1284495331052111,0.1772492603011055,0.0875680595636367,0.0734435468912124,2287.6029012624654,1989.4712288894395,2012.0504925024368,1045.2634797744106,4139.779606721017,3387.471799150387,S043,respiratory_healthy_018.wav,0,HC
respiratory,217.7556561884832,57.81304231473224,212.40900892134297,151.06592630451914,321.95185369813447,-301.3036499023437,91.76771545410156,-4.146553039550781,4.571694374084473,-3.6765642166137695,-8.797475814819336,-6.535094738006592,-14.289312362670898,-8.884848594665527,-13.11960220336914,-8.600757598876953,-3.947318553924561,-5.199345588684082,123.95745086669922,72.97000122070312,40.16254425048828,30.85811233520508,24.420061111450195,17.186901092529297,15.002991676330566,16.756004333496094,13.433279991149902,12.243041038513184,10.01369571685791,9.828103065490724,9.3794527053833,0.1262209550761094,0.1687028622358702,0.097488984465599,0.0699251368641853,2084.299599248513,1909.4018069753936,1890.9338952348785,1044.69494368877,3682.461065995066,3329.0923453523324,S044,respiratory_healthy_019.wav,0,HC
respiratory,210.08394387103476,59.07659658854607,197.04315364635173,144.24403136881983,349.06885072286843,-303.0553283691406,94.53033447265624,0.0678295567631721,12.77094841003418,-1.6097921133041382,-13.488469123840332,-7.003208637237549,-11.25130558013916,-11.951752662658691,-12.10503101348877,-11.512337684631348,-1.8128825426101685,-8.492098808288574,122.7358627319336,71.68720245361328,35.9128303527832,29.561771392822266,23.292137145996094,19.45040702819824,13.20317554473877,14.514893531799316,13.349250793457031,12.085930824279783,10.150338172912598,9.178548812866213,10.56700325012207,0.1111091794859391,0.1609840320904858,0.1016172096133232,0.0731677487492561,1965.9763136475883,1794.7856722935803,1877.994781623768,994.412590377614,3599.7282329358554,3161.7364760584824,S045,respiratory_healthy_020.wav,0,HC
respiratory,217.1340936654964,64.93960246380676,197.04315364635173,149.33078614961454,325.6927540422733,-310.3824768066406,93.62858581542967,-5.651912212371826,8.793769836425781,0.6315100789070129,-13.194457054138184,-11.68503189086914,-15.80600357055664,-9.11005973815918,-14.760993003845217,-6.762411117553711,-3.7090933322906494,-6.211894035339356,130.0163116455078,68.49042510986328,38.64518737792969,32.356170654296875,18.61438369750977,19.634151458740234,17.093280792236328,14.946578979492188,16.31165885925293,13.640732765197754,9.032257080078123,9.301786422729492,9.562301635742188,0.1129192548445894,0.1619550975575384,0.0968505591154098,0.0741576477885246,1965.8025877988684,1778.3698172660477,1921.2780091045815,1074.207995868273,3684.549196115935,3267.540867158636,S046,respiratory_healthy_021.wav,0,HC
respiratory,222.7742977848525,46.97210997650757,218.63306796596575,153.04254890853417,300.391701186791,-326.265869140625,92.56678009033205,-12.336606979370115,5.355944633483887,-3.5826916694641118,-11.352489471435549,-8.499865531921387,-14.448488235473633,-7.422821521759033,-12.821640968322754,-2.7274281978607178,-5.083310127258301,-4.075055122375488,134.39657592773438,73.76313781738281,37.52202224731445,30.15667152404785,18.655487060546875,19.35005187988281,14.224408149719238,15.628751754760742,12.79055881500244,12.327104568481444,9.513811111450195,12.355854034423828,9.7889986038208,0.1195533209171826,0.155060686035917,0.0775777548551559,0.0582187846302986,2053.986620445869,1811.6192124130469,1881.0411818558464,1066.0644215749314,3745.7106835332816,3267.937151431782,S047,respiratory_healthy_022.wav,0,HC
respiratory,206.5212422412997,42.288741789028784,197.04315364635173,147.61557577921403,283.532010492967,-315.4918518066406,81.11567687988281,0.1728181988000869,6.937315464019775,0.215242713689804,-9.272581100463867,-9.27349853515625,-11.242408752441406,-8.673136711120605,-11.866183280944824,-8.606732368469238,-1.974793791770935,-6.71906852722168,127.92290496826172,76.08778381347656,41.86423873901367,29.538867950439453,18.35758209228516,20.00500869750977,14.68396282196045,14.98606300354004,13.712889671325684,14.156149864196776,10.21875,10.19946002960205,12.503850936889648,0.143358921488003,0.1790359492121378,0.0840505436062812,0.0673450008034706,2362.279068757162,2100.100433117457,1975.1531224819691,1064.0061038706026,4140.202742538216,3438.1898784920872,S048,respiratory_healthy_023.wav,0,HC
respiratory,198.20641170420592,43.01159492411272,189.2349137694844,138.5681894576037,285.17449472060275,-312.891357421875,88.53671264648438,1.62925922870636,10.367286682128906,3.877928733825684,-11.52302360534668,-9.241482734680176,-10.143823623657228,-7.331335067749023,-11.376407623291016,-10.917458534240724,-2.086125373840332,-8.584318161010742,121.22489166259766,70.6507339477539,38.89411544799805,29.750593185424805,20.04730796813965,19.062589645385746,14.414753913879396,14.826658248901367,13.985880851745604,12.45591926574707,9.922313690185549,8.849811553955078,11.596357345581056,0.1191355859778121,0.1569725532682033,0.0912347957491874,0.0719244331121444,2109.2957285903144,1891.761711143181,1936.1954789944568,1011.610626013332,3841.054551446401,3264.6876493569607,S049,respiratory_healthy_024.wav,0,HC
respiratory,198.2900398319481,42.182480698587305,194.77991999396855,136.93693467412865,266.0772119191614,-337.1991882324219,89.96241760253906,-2.575366735458374,3.720714569091797,-4.261322975158691,-7.470703125,-5.611948013305664,-11.445027351379396,-6.954095363616943,-9.113442420959473,-9.45846939086914,-0.3461326360702514,-7.338479995727539,129.625732421875,75.9300765991211,37.43461990356445,31.3915958404541,23.11058235168457,19.63885307312012,13.635171890258787,15.618556022644045,12.141075134277344,12.131807327270508,10.811506271362305,9.475316047668455,12.288901329040527,0.1279518010409057,0.1640468053398662,0.0814703553915023,0.0736947506666183,2041.0581236534747,1815.4319412327272,1847.77682606873,1038.731674587879,3676.916334487993,3273.5234499635003,S050,respiratory_healthy_025.wav,0,HC
alzheimers,166.85960495117135,55.19361431336101,157.29923159850802,109.31653398298288,249.9862616747008,-405.1100158691406,68.1152572631836,-0.7651991844177246,7.053609848022461,-0.0681757628917694,1.139062523841858,-7.394431114196777,0.7715709209442139,-7.299596309661865,0.2106417417526245,-8.849048614501953,-3.032367706298828,-2.801855087280273,139.8071746826172,81.64974975585938,25.960298538208008,22.47863006591797,18.213191986083984,16.93953514099121,14.42853546142578,11.033235549926758,12.13654613494873,9.974114418029783,11.870316505432127,8.834125518798828,7.743314266204834,0.0715455487293601,0.1385117489104208,0.054458525031805,0.0685017257928848,1135.831035070291,1543.965096960477,1017.0541468847808,1060.3198095802406,2024.0155388327205,2749.064057224523,S001,alzheimers_disease_001.wav,1,ALZHEIMERS
alzheimers,148.42733585724886,55.49985711501214,140.13768379557115,96.82903510297564,211.79731598698208,-409.5772705078125,60.0314826965332,3.2471652030944824,10.97905158996582,2.9688057899475098,5.934408187866211,-5.374354362487793,0.0337986499071121,-5.339070796966553,-2.286287307739258,-2.6341922283172607,-8.015336990356445,-1.896353840827942,118.75910949707033,76.1625747680664,25.14600372314453,23.86841583251953,22.26912879943848,19.76591682434082,13.13593864440918,9.155014038085938,11.338708877563477,7.152114868164063,8.569535255432129,11.282258987426758,7.356027603149414,0.0593639645414086,0.1231896598773202,0.050541840493679,0.0682728514075279,1047.8243221382463,1427.5015873675309,967.8127241945548,1059.303425063735,1918.7495086953368,2612.8364439813813,S002,alzheimers_disease_002.wav,1,ALZHEIMERS
alzheimers,147.20570569717006,33.77972652163062,141.7660052464835,105.5928115263106,210.88153813146863,-407.66357421875,82.04039001464844,0.7899800539016724,10.687503814697266,0.5309697389602661,5.636303424835205,-7.194226741790772,2.913084983825684,-8.57961654663086,-0.8388885855674744,-5.515604972839356,-8.876725196838379,-0.9337446689605712,139.44993591308594,86.11980438232422,26.637331008911133,26.197811126708984,24.092937469482425,20.78973197937012,14.19105052947998,11.14924144744873,14.50762176513672,9.276721000671388,9.462286949157717,11.58524227142334,8.871654510498047,0.0580587381899129,0.1125653437645322,0.0632570311427116,0.0712838247418403,1099.8323559104915,1417.3338861572297,1026.802847868442,997.3344073122604,1996.4815472700857,2563.908225483964,S003,alzheimers_disease_003.wav,1,ALZHEIMERS
alzheimers,159.45129992950476,32.95466268959113,159.12696062960518,115.14977748330686,226.67094458412677,-426.9967651367188,54.66761016845703,0.1054848134517669,6.745960712432861,1.1770105361938477,1.9417272806167605,-4.447994709014893,0.3360049426555633,-6.6050801277160645,-0.995551824569702,-7.0766282081604,-2.5808167457580566,-3.2940456867218018,129.19288635253906,75.1494369506836,23.114791870117188,22.37049674987793,18.32048797607422,14.633214950561523,11.677117347717283,10.580451011657717,11.53993034362793,9.244845390319824,11.47655963897705,8.205703735351562,7.040929794311523,0.0550622693726937,0.1164537788478141,0.042808711528778,0.064509704709053,995.6350815683076,1448.5771266490449,917.5871258422726,1071.241407431575,1820.2367353263376,2647.583949848137,S004,alzheimers_disease_004.wav,1,ALZHEIMERS
alzheimers,150.00793399072433,56.69143998401983,144.24403136881983,98.52157682317586,216.1218529971248,-410.1265563964844,66.6852798461914,2.23695707321167,10.296338081359863,1.793038249015808,6.750665187835693,-5.418667316436768,2.2210206985473637,-6.371152877807617,-1.5128333568572998,-4.097531795501709,-9.22992992401123,-1.875381350517273,129.20489501953125,80.39684295654297,25.433570861816406,22.84676170349121,23.44417381286621,18.684051513671875,13.896109580993652,8.51589298248291,12.624019622802734,7.839292049407959,8.590189933776855,12.606292724609377,6.996136665344238,0.0552077720905172,0.1158435613603907,0.0642803832888603,0.0845056027173996,986.7146998890588,1384.0439280029443,917.8855325584404,984.449986375055,1774.2740604795258,2460.226614549001,S005,alzheimers_disease_005.wav,1,ALZHEIMERS
alzheimers,178.24009202080632,85.35981735377443,151.06592630451914,108.37392178803432,400.97481460606457,-417.2881164550781,45.76515197753906,2.221140623092652,5.310479164123535,-0.3716701865196228,4.134538650512695,-4.854716777801514,-0.0296386461704969,-6.488971710205078,-0.1509704142808914,-5.107779502868652,-3.710310220718384,-1.9541453123092647,115.67157745361328,72.42276000976562,21.409372329711918,19.464336395263672,16.77971839904785,17.643651962280273,12.059829711914062,10.553974151611328,11.879639625549316,8.43790340423584,8.902295112609863,8.009780883789062,6.307864665985107,0.0558827560629515,0.1255921623191899,0.0384856238961219,0.0612723119556903,931.369253033336,1540.7763436081634,768.0747086971011,1004.4294811476192,1606.3347311580883,2599.517587169517,S006,alzheimers_disease_006.wav,1,ALZHEIMERS
alzheimers,169.21956672141133,109.5142514539436,133.80929076365396,94.61745688474215,487.9877582689944,-426.7451477050781,66.81837463378906,3.086524486541748,8.465131759643555,2.547344446182251,4.354334831237793,-3.630279779434204,0.7668042778968811,-4.410699844360352,-2.8481478691101074,-0.314173012971878,-7.743729591369629,-1.7686797380447388,125.28639221191406,81.7121353149414,26.84077835083008,23.16111183166504,19.751405715942383,19.003816604614254,12.301135063171388,8.160444259643555,10.730279922485352,7.249903678894043,7.161237239837647,11.313633918762209,8.576507568359375,0.040848833365583,0.0855610319478895,0.0505294725298881,0.0692903101444244,862.3782988643402,1232.8883906489114,849.1986237274646,1015.6006986959724,1605.7625123959947,2388.7602482486213,S007,alzheimers_disease_007.wav,1,ALZHEIMERS
alzheimers,194.5511263054672,101.79121098068104,166.65273064969475,111.87168684176292,490.8146425944806,-386.6470336914063,75.67082214355469,-2.281961441040039,5.343691825866699,0.6098378300666809,2.912824869155884,-7.3749542236328125,-1.0027730464935305,-10.834888458251951,1.0118939876556396,-10.16308879852295,-3.8898208141326895,-4.011438846588135,138.329345703125,82.98497772216797,28.084835052490234,22.84838104248047,19.99604034423828,18.812515258789062,14.685479164123535,12.86424732208252,14.392279624938965,10.869665145874023,12.973915100097656,9.28361988067627,8.416242599487305,0.0803804663312693,0.1460598095592019,0.0682048052549362,0.0785527378320694,1324.8564832294696,1604.826475388663,1187.8625535167037,1072.2986639387432,2378.6245056719235,2901.5958635193747,S008,alzheimers_disease_008.wav,1,ALZHEIMERS
alzheimers,178.97061418539738,72.92051030701863,167.61814009714527,112.5197529307986,251.14344552045984,-404.8600463867188,56.647586822509766,-0.4686414003372192,8.209436416625977,2.360970020294189,2.2089381217956543,-5.769272804260254,-0.1343828439712524,-6.55085563659668,-0.8033137321472168,-9.389618873596191,-3.50489354133606,-3.5462167263031006,128.59597778320312,74.47084045410156,26.469772338867188,23.184520721435547,19.75533103942871,16.119583129882812,13.450374603271484,11.589617729187012,10.599870681762695,10.504292488098145,13.131139755249023,9.003525733947754,7.624007225036621,0.0585186685694014,0.1238710583802408,0.0551240183413028,0.0756216719746589,1065.905373200502,1486.6413331230149,978.6542042795884,1061.777007820791,1935.5938512843456,2673.029908569302,S009,alzheimers_disease_009.wav,1,ALZHEIMERS
alzheimers,141.96966414384102,28.8171323589668,140.13768379557115,98.52157682317586,195.90826859169485,-386.5549926757813,77.15316009521484,-1.3819657564163208,11.787149429321287,-1.236196756362915,3.972934007644653,-7.786293983459473,2.266576051712036,-7.697834014892578,-2.036242961883545,-3.2922441959381104,-8.280407905578613,-0.6485933065414429,134.79591369628906,86.01136779785156,29.485471725463867,26.384750366210938,22.808568954467773,19.577369689941406,13.67204761505127,9.551390647888184,12.7593412399292,8.991666793823242,8.840534210205078,10.268431663513184,9.168002128601074,0.062805866745283,0.1170290716098852,0.0669903084635734,0.0753034949302673,1146.9424536849228,1416.41502836235,1015.5806123570324,965.6092389721778,2012.436283903302,2489.7319158685755,S010,alzheimers_disease_010.wav,1,ALZHEIMERS
alzheimers,136.31396758579143,29.152034248121986,133.03860595958074,94.61745688474215,195.79575867240752,-396.52581787109375,76.71701049804688,-0.1227917820215225,14.38326644897461,2.395057916641236,9.449996948242188,-5.768881320953369,2.476682186126709,-6.474583625793457,-2.452573537826538,-2.1201679706573486,-9.855029106140137,-0.8472967743873596,131.54269409179688,82.1495132446289,27.038259506225582,26.14418029785156,25.386926651000977,20.287315368652344,14.48766803741455,9.137413024902344,12.790361404418944,8.024811744689941,9.861372947692873,12.22722625732422,8.205020904541016,0.0668272961343115,0.1234625076332842,0.0632521212100982,0.0740869790315628,1223.8338542586202,1459.0604979788347,1097.568551602864,1006.4204346244682,2205.239392833839,2636.692507572263,S011,alzheimers_disease_011.wav,1,ALZHEIMERS
alzheimers,155.72810696791856,53.035716412224566,148.4707041104003,100.82440951919276,226.47426570784592,-385.1935729980469,68.65934753417969,1.7587484121322632,11.958430290222168,1.4484450817108154,7.635566711425781,-6.403865337371826,0.8657773733139038,-9.506071090698242,-0.9454556107521056,-5.499195575714111,-8.471117973327637,-2.101536512374878,123.36404418945312,80.74972534179688,26.22295379638672,28.19867706298828,24.79956817626953,20.851083755493164,14.297845840454102,11.947176933288574,14.965608596801758,8.501948356628418,9.763131141662598,11.268610954284668,8.215343475341797,0.074779845120614,0.1321416299242065,0.0696779489517211,0.0824592262506485,1218.860644547513,1534.0058044856123,1055.6474561703526,994.3023235194862,2153.948086481714,2638.468096929497,S012,alzheimers_disease_012.wav,1,ALZHEIMERS
alzheimers,140.5411980245282,31.459736283240225,140.13768379557115,95.71685877653417,195.90826859169485,-415.6230773925781,70.59642791748047,-1.4867733716964722,13.072765350341797,0.966230809688568,7.330392360687256,-7.47903299331665,1.3070940971374512,-6.86508846282959,-1.4355827569961548,-1.200868844985962,-10.154059410095217,-0.5022264122962952,130.87640380859375,80.06810760498047,26.28608512878418,24.84638786315918,24.044017791748047,22.48091125488281,13.95544719696045,8.718450546264648,13.840374946594238,7.319386959075928,8.618175506591797,13.10497760772705,8.276775360107422,0.0736810863325593,0.1301629651805148,0.054844819009304,0.0701197683811187,1279.8860675377914,1512.5362209935745,1129.3440700198018,1056.9645400670406,2351.1191164376937,2747.587878787804,S013,alzheimers_disease_013.wav,1,ALZHEIMERS
alzheimers,146.1117448658561,32.91477514121477,139.33055012971812,101.40847938173854,212.40900892134297,-413.1845703125,67.18472290039062,-1.0013219118118286,12.020184516906738,-1.0216715335845947,6.580893516540527,-8.051861763000488,2.7216055393218994,-8.240959167480469,-0.1720905750989914,-4.377721786499023,-7.940570831298828,-1.1637098789215088,138.85629272460938,83.8200912475586,25.22270965576172,26.345664978027344,24.606170654296875,22.520248413085938,14.666204452514648,9.916529655456545,13.153692245483398,9.4337739944458,10.007143020629885,11.357503890991213,7.574301719665527,0.0740547298277863,0.1369771697242157,0.0572624392807483,0.0723677054047584,1330.5440225092852,1642.1424017451543,1095.5641032052845,1071.2449330189215,2348.530243203367,2855.771198956693,S014,alzheimers_disease_014.wav,1,ALZHEIMERS
alzheimers,162.31796406494118,78.30649930883054,143.41324688128702,103.18106837793296,374.1227308028132,-410.2685546875,75.2337646484375,-0.0310646295547485,11.387310981750488,0.3203186690807342,2.780249118804932,-7.090457439422607,1.903361678123474,-7.842915534973144,-1.579537034034729,-3.5208003520965576,-7.761470794677734,-0.7408657073974609,135.43707275390625,82.26557922363281,26.013879776000977,23.25334930419922,22.95679473876953,21.07601547241211,13.17229175567627,9.151442527770996,13.866004943847656,8.557988166809082,9.074671745300291,10.891447067260742,7.703572273254394,0.054803983183079,0.1057206084225448,0.0573330596089363,0.0700553432106971,1041.5590702951415,1364.7684110716625,962.6448214622344,980.144702802578,1872.4180351183247,2476.175880735836,S015,alzheimers_disease_015.wav,1,ALZHEIMERS
alzheimers,140.77383795544833,29.43418831665131,140.9494931391844,94.61745688474215,188.96243554392555,-443.1465759277344,62.986175537109375,2.9196362495422363,9.50368881225586,-0.1795711666345596,3.808383464813232,-4.511274337768555,0.8094230890274048,-4.531545639038086,-2.011789560317993,-1.0397210121154783,-7.1535820960998535,0.2163342535495758,130.15907287597656,79.86396026611328,23.89219284057617,22.08462905883789,20.023914337158203,18.08127212524414,12.770901679992676,7.550528049468994,11.092748641967772,8.031471252441406,7.586697101593018,10.983323097229004,8.647995948791504,0.051929702106704,0.1134827331732612,0.04337053373456,0.0621875412762165,940.9972627773612,1347.4614285348143,898.2606307293154,1048.5694278706103,1719.366455078125,2519.4037306656487,S016,alzheimers_disease_016.wav,1,ALZHEIMERS
alzheimers,143.06140049167252,30.372552083587514,137.73020226670835,107.43854136004752,207.19894734367008,-418.4263305664063,51.935489654541016,0.9366979598999025,10.773646354675291,2.454941511154175,6.727692127227783,-5.14993953704834,0.7318857908248901,-5.973905086517334,-1.1380091905593872,-2.6980888843536377,-7.287535190582275,-1.08322012424469,115.91372680664062,74.8832778930664,26.47330093383789,23.923925399780277,21.636947631835938,18.240352630615234,12.781153678894045,8.78833293914795,12.02066421508789,7.5196709632873535,9.044707298278809,11.358809471130373,5.825932025909424,0.0539966888197586,0.1149669732288733,0.0429891422390937,0.0629054605960846,955.2428665745256,1464.1954050646414,793.2622633614061,938.0939145374346,1633.0238860117363,2424.929364372389,S017,alzheimers_disease_017.wav,1,ALZHEIMERS
alzheimers,154.2777500499656,63.610232701389926,138.52806521170294,97.3899599969843,361.3787371590077,-410.8648376464844,57.86312103271485,2.2603919506073,10.065464973449709,2.6717569828033447,6.11968994140625,-4.376809120178223,0.5238510966300964,-5.702939987182617,-3.136438131332397,-2.1470229625701904,-8.449830055236816,-2.573255777359009,112.10260772705078,76.8829345703125,25.32036399841309,24.216442108154297,23.15663146972656,19.48626518249512,12.247286796569824,9.278939247131348,11.888672828674316,7.876533508300781,7.971302509307861,11.628898620605469,7.931127071380615,0.0569658938822239,0.1133861059852245,0.046641144901514,0.0638300329446792,995.2863085688316,1398.1608714156632,888.4236525279813,990.2359450467968,1772.9170571908862,2469.0452546540478,S018,alzheimers_disease_018.wav,1,ALZHEIMERS
alzheimers,146.52479989355882,32.28076206707235,137.73020226670835,101.9959327265776,209.9692833680109,-405.4363098144531,69.16706848144531,2.887223243713379,10.913490295410156,2.474871158599853,4.493841648101807,-5.492959499359131,0.5812028646469116,-6.926760196685791,-1.380780577659607,-4.3267340660095215,-7.682973384857178,-1.5722541809082031,121.40038299560548,79.11195373535156,25.18440818786621,25.565519332885746,21.511091232299805,19.176488876342773,13.16325569152832,9.887704849243164,12.398554801940918,7.576441764831543,8.461250305175781,10.885050773620604,7.308230400085449,0.049386205030972,0.0978150750343578,0.054414190351963,0.068336933851242,1013.2023032606191,1386.249669544135,936.7492445449144,991.49622897575,1813.5840991552177,2514.874105374886,S019,alzheimers_disease_019.wav,1,ALZHEIMERS
alzheimers,155.25909841864942,33.8305892293275,147.61557577921403,112.91197789638854,220.79130222630863,-438.4696350097656,62.93901062011719,-0.0780679732561111,9.857319831848145,-0.3611079454421997,6.558119297027588,-5.563971042633057,0.6540893316268921,-9.43463134765625,1.8348901271820068,-8.068097114562988,-3.944854497909546,-2.506703615188598,142.305419921875,82.67716217041016,26.031530380249023,25.439064025878903,20.23976325988769,18.771825790405277,14.474979400634766,11.863702774047852,13.595550537109377,10.808103561401367,11.880330085754396,9.194157600402832,7.435018539428711,0.0676455630896226,0.1332113604728964,0.0442477203905582,0.0594286397099494,1132.631754492499,1617.0152813812442,945.2185062838104,1012.74366997854,1926.2953456662733,2679.6941520375967,S020,alzheimers_disease_020.wav,1,ALZHEIMERS
alzheimers,133.09908836383573,32.51475570502413,127.76667781088264,91.92388155425118,189.2349137694844,-411.5257263183594,67.51407623291016,1.4236419200897217,11.28279972076416,1.1372909545898438,8.161162376403809,-4.213358402252197,0.3863696455955505,-4.259006023406982,-4.106527328491211,1.3542953729629517,-8.357979774475098,-1.5283148288726809,126.77222442626952,82.88897705078125,24.670143127441406,23.891508102416992,24.365488052368164,20.74411392211914,11.836407661437988,8.076772689819336,11.468751907348633,8.695992469787598,8.90578842163086,11.881073951721191,8.364666938781738,0.0578963493292053,0.119369400271355,0.056578230112791,0.0739079415798187,986.0293215818382,1372.9606979718135,874.363982091338,965.5140080655882,1753.8949499927437,2397.609709741901,S021,alzheimers_disease_021.wav,1,ALZHEIMERS
alzheimers,136.11899572179584,32.120062247718835,131.51052723924994,94.61745688474215,195.90826859169485,-422.4884643554688,65.29427337646484,2.5573201179504395,10.751235961914062,0.5315991640090942,8.697453498840332,-4.395857810974121,1.5086870193481443,-5.755351066589356,-1.978594183921814,-1.1717783212661743,-7.604100704193115,-0.7702736258506775,124.76892852783205,81.68165588378906,26.046010971069336,24.667156219482425,22.71567153930664,20.062849044799805,13.123245239257812,8.840229034423828,11.562252044677734,8.56503677368164,9.391490936279297,11.129772186279297,8.538362503051758,0.0633023890053353,0.1241684131397481,0.0460945032536983,0.0615216977894306,1030.858932049442,1456.7464377943743,876.5763038660324,953.53909956992,1778.8690706578698,2468.824487351202,S022,alzheimers_disease_022.wav,1,ALZHEIMERS
alzheimers,166.31761772203163,73.13880971039706,150.19585059339548,106.32755174776774,247.9728439027936,-405.917724609375,63.56773376464844,0.4617346823215484,13.182733535766602,4.188986301422119,3.029469966888428,-6.209568977355957,0.5223263502120972,-7.208615779876709,0.029285529628396,-6.3872175216674805,-5.611492156982422,-2.553079843521118,127.61495971679688,74.93952941894531,25.00421905517578,25.790184020996094,20.83995056152344,17.861953735351562,12.861523628234863,10.452975273132324,12.285632133483888,8.59182357788086,10.427358627319336,9.74561882019043,7.408137798309326,0.0500731014724423,0.0985499330557305,0.0556749515235424,0.0724216103553772,986.5086247035828,1320.9866489714402,962.716480656691,1007.6124165914142,1827.9796765242252,2494.595183783211,S023,alzheimers_disease_023.wav,1,ALZHEIMERS
alzheimers,157.8095432388409,36.56586996741365,147.61557577921403,109.31653398298288,227.65433896553012,-413.3610534667969,58.492637634277344,0.9533405303955078,10.60391902923584,2.5180673599243164,2.992947816848755,-6.458029270172119,-0.137238323688507,-8.869330406188965,0.2533745765686035,-8.115874290466309,-2.94118595123291,-3.8384578227996826,137.154296875,75.34841918945312,26.42465209960937,21.8794002532959,19.50585556030273,16.68189811706543,13.345192909240724,10.668606758117676,13.137311935424805,9.117164611816406,12.054025650024414,7.798758506774902,7.32611083984375,0.0610704294053147,0.1220611733300415,0.0511193871498107,0.0700070708990097,1086.3780551835466,1475.1001828000242,1032.8223510883497,1098.924792915478,2007.504527561436,2753.561431310892,S024,alzheimers_disease_024.wav,1,ALZHEIMERS
alzheimers,181.32566363752537,92.51962847151934,151.9410423129619,113.82716948276509,460.5991099332276,-422.63775634765625,54.30934524536133,2.1300203800201416,11.240253448486328,3.287506580352783,4.0016632080078125,-6.272525310516357,0.319849818944931,-6.647200107574463,-0.5638723373413086,-5.673973560333252,-5.184553146362305,-2.2208237648010254,129.29403686523438,73.53007507324219,21.46766662597656,21.795509338378903,20.02735710144043,16.984296798706055,13.138659477233888,9.058388710021973,12.19678783416748,8.030552864074707,9.180150032043455,9.148225784301758,6.707052707672119,0.041895918412642,0.100571026811033,0.0488649010658264,0.0702059790492057,824.2104728079153,1315.4264111768794,799.3433636304744,974.399106072462,1487.479414506392,2336.779909674344,S025,alzheimers_disease_025.wav,1,ALZHEIMERS
alzheimers,200.64131293057844,42.52190940237174,195.90826859169485,142.58724736030138,280.2753675911423,-321.4510803222656,95.53644561767578,-6.053966999053955,6.068178176879883,-2.0052490234375,-10.009177207946776,-6.473138809204102,-10.569918632507324,-8.179399490356445,-11.52767848968506,-6.879173755645752,-2.918505907058716,-10.011704444885254,128.64776611328125,70.0651626586914,34.839134216308594,27.411340713500977,19.800189971923828,19.47429847717285,12.996102333068848,13.292927742004396,13.478326797485352,11.8155517578125,10.350207328796388,8.788593292236328,11.74676513671875,0.0930740151735036,0.1408372104382332,0.0865585878491401,0.0715584754943847,1809.5777312943808,1616.5253687166592,1797.177852161907,1033.9351227187626,3376.7851365978136,3076.8039397577154,S026,alzheimers_healthy_001.wav,0,HC
alzheimers,209.566293373988,43.759959353404994,203.9918654531552,151.9410423129619,296.94140822080067,-317.67889404296875,94.53582000732422,-0.4810028076171875,5.901055335998535,-3.1809842586517334,-10.748417854309082,-7.014235973358154,-13.086251258850098,-11.556233406066896,-12.54575538635254,-7.552381992340088,-2.5704774856567383,-5.627157688140869,119.89826965332033,69.70624542236328,40.5242919921875,28.65108108520508,23.20556259155273,19.10346031188965,14.327491760253906,14.271259307861328,13.281982421875,12.237471580505373,9.624184608459473,10.60169792175293,11.273680686950684,0.1200190964976349,0.1614735880375391,0.0863175243139267,0.06390842795372,2104.504206865783,1915.5885410704889,1941.3100956177525,1046.730512066457,3783.732490348497,3320.06862276674,S027,alzheimers_healthy_002.wav,0,HC
alzheimers,220.3676394684933,70.23718758939424,203.4044121083161,146.76537262479704,335.33338039503906,-328.4769897460937,91.25993347167967,-3.215094327926636,7.847991943359375,-0.752375602722168,-10.976490020751951,-6.524576187133789,-10.409790992736816,-10.961995124816896,-12.535746574401855,-4.628726005554199,-3.436299562454224,-7.25571870803833,127.24464416503906,67.1768798828125,40.50786590576172,29.2391357421875,19.175626754760746,20.579538345336918,12.760293006896973,13.327427864074709,14.582940101623535,13.100544929504396,9.030695915222168,10.871493339538574,10.448591232299805,0.1218808302238805,0.1732006228309713,0.082700066268444,0.0685200467705726,2093.280524528244,1864.146511417148,1994.5616604354973,1051.4825819314042,3858.460748017724,3323.637610692995,S028,alzheimers_healthy_003.wav,0,HC
alzheimers,208.88888178475003,44.53457814221893,202.8169587634771,147.61557577921403,302.13185260903833,-304.4474792480469,98.27919006347656,-6.556341648101807,9.02428150177002,-4.820858001708984,-14.669181823730469,-7.214257717132568,-13.357183456420898,-11.427282333374023,-14.21426486968994,-6.537621974945068,-5.28928804397583,-6.83952522277832,116.39317321777344,61.57951736450195,42.00423812866211,29.77457427978516,20.065895080566406,19.534990310668945,14.12388038635254,13.550975799560549,13.372700691223145,12.538891792297363,8.914990425109863,9.541102409362791,9.497591972351074,0.1046660650901765,0.1492749943946258,0.0878025069832801,0.0597770735621452,1823.7671367190449,1554.8098007793642,1890.3348424759504,953.4276536362868,3405.6421591699445,2954.4571167336485,S029,alzheimers_healthy_004.wav,0,HC
alzheimers,231.42740912093467,77.81485139583012,212.40900892134297,151.9410423129619,460.5991099332276,-326.4635009765625,91.14834594726562,-9.643607139587402,6.435826301574707,-4.110492706298828,-10.187143325805664,-10.566115379333496,-14.75900650024414,-6.682381629943848,-14.339942932128906,-3.342449903488159,-3.88671350479126,-3.282951831817627,150.24693298339844,72.6568603515625,37.94285202026367,30.189617156982425,20.452247619628903,19.147167205810547,15.691781997680664,13.78778839111328,13.793932914733888,13.877458572387695,8.778655052185059,9.2855806350708,9.100772857666016,0.113224034620506,0.1365563103042938,0.0892101526260376,0.0730006173253059,2049.469170348946,1661.673289127176,1963.3880671977945,1102.908103703649,3899.0079145774384,3311.4356550227426,S030,alzheimers_healthy_005.wav,0,HC
alzheimers,203.9784205470932,54.46692199125645,193.6580702059513,144.24403136881983,333.30546129938955,-317.5827331542969,94.64425659179688,-4.37905216217041,5.767740726470947,0.3096251189708709,-6.977432727813721,-6.7068376541137695,-10.65773105621338,-7.481290340423584,-8.320279121398926,-11.868237495422363,0.3366078734397888,-9.22670555114746,136.9230194091797,82.62516784667969,37.90580749511719,30.24213218688965,19.146242141723636,19.083833694458008,13.273136138916016,15.70293140411377,12.766273498535156,12.062776565551758,11.653762817382812,8.754769325256348,13.49008083343506,0.1259279359358875,0.171546443695356,0.0911021828651428,0.0713986307382583,2132.184205319229,1921.0757149163417,1850.6964205866363,997.075369850462,3757.2161695167374,3249.1808329609016,S031,alzheimers_healthy_006.wav,0,HC
alzheimers,202.63138850113373,40.04814298277045,193.6580702059513,151.32846110705196,289.6578987799926,-304.9620056152344,93.12828063964844,-1.0682216882705688,1.7514593601226809,-4.556010246276856,-8.113268852233887,-7.671244144439697,-14.994580268859863,-9.539132118225098,-11.331374168395996,-9.920794486999512,-2.42324161529541,-5.377500534057617,122.66143798828124,75.0621337890625,41.05059814453125,28.30638313293457,24.823627471923828,17.598474502563477,15.115609169006348,16.20452880859375,12.478809356689451,12.263604164123535,10.11484718322754,8.849270820617676,10.279662132263184,0.1137725546633127,0.1625593839001546,0.1057251840829849,0.0798488855361938,2067.7263950984197,1903.3769923338232,1880.9832443185708,1009.3020415814856,3644.450184730553,3287.50642747765,S032,alzheimers_healthy_007.wav,0,HC
alzheimers,194.4691144694657,41.57510360340225,190.3311404729313,133.03860595958074,269.16888019875813,-323.37945556640625,99.1375503540039,-5.6165947914123535,5.676516056060791,0.906399130821228,-7.052261829376221,-8.303061485290527,-11.140524864196776,-9.49818992614746,-9.539886474609377,-12.006991386413574,-0.8703685998916626,-9.16416358947754,119.44979095458984,73.04945373535156,36.9576416015625,30.439496994018555,20.30855941772461,17.969026565551758,14.32787799835205,14.972220420837402,14.261460304260254,13.25247287750244,11.584955215454102,8.17907428741455,11.07070541381836,0.1044591819046697,0.1447405762470975,0.0855873301625251,0.0689662992954254,1841.524212690076,1681.7787561697985,1733.148583326519,1003.2762653781192,3323.6465690305727,3056.9976984537507,S033,alzheimers_healthy_008.wav,0,HC
alzheimers,192.7603556128631,40.92768958846332,191.43371755306836,132.2723599733492,270.72815965904965,-322.98388671875,83.65512084960938,-1.5842469930648804,6.5387115478515625,0.9519028067588806,-3.48913836479187,-8.339101791381836,-9.153522491455078,-10.438719749450684,-6.35425329208374,-12.279014587402344,0.1965628713369369,-10.344056129455566,120.72885131835938,78.81907653808594,33.572757720947266,29.380321502685547,20.9633846282959,18.146093368530277,14.402612686157228,16.866191864013672,11.68596076965332,13.734379768371582,13.092249870300291,9.275087356567385,12.858800888061523,0.1401404980166408,0.18057855487336,0.0818457379937172,0.0691352039575576,2221.48628759885,2011.981806973915,1836.6401369883577,992.0312546543072,3852.826702484037,3282.4474566634203,S034,alzheimers_healthy_009.wav,0,HC
alzheimers,243.65995485268465,86.23065239040275,216.1218529971248,159.12696062960518,460.5991099332276,-325.8793029785156,88.47506713867188,-4.183334827423096,5.042262554168701,-4.5265278816223145,-9.897627830505373,-6.971295833587647,-12.989819526672363,-7.98937463760376,-11.57939910888672,-4.966716766357422,-4.593102931976318,-4.998358726501465,140.4564208984375,72.92778015136719,37.53023147583008,32.0467414855957,20.49260139465332,18.215166091918945,15.787866592407228,14.034483909606934,13.588218688964844,12.267160415649414,8.459358215332031,12.083575248718262,9.344447135925291,0.1255076338605183,0.1638044476334593,0.0827655643224716,0.0651912316679954,2173.7807575992047,1925.6467580624355,1979.7902863504444,1135.7337231878803,4001.230215677401,3496.848566620089,S035,alzheimers_healthy_010.wav,0,HC
alzheimers,228.7256772591312,70.5972471332639,212.40900892134297,149.33078614961454,345.0594530080277,-305.1883850097656,84.2466049194336,-5.811292171478272,9.450419425964355,-1.7236841917037964,-12.605788230895996,-8.794218063354492,-12.163418769836426,-8.959064483642578,-13.492870330810549,-6.149740219116211,-2.631901741027832,-5.340518951416016,131.2778778076172,73.46980285644531,35.81421661376953,27.965639114379883,19.579944610595703,21.1717472076416,13.4437255859375,14.923458099365234,12.733061790466309,13.060264587402344,9.49810791015625,10.517618179321287,11.527199745178224,0.136203165292481,0.1738740567830908,0.0993805900216102,0.0801592022180557,2279.0668172185883,1955.107912264188,2021.457788707001,1037.2656871123124,4165.1901593037455,3363.193136678933,S036,alzheimers_healthy_011.wav,0,HC
alzheimers,203.11807672808155,44.78886310280238,190.3311404729313,149.80657159369406,286.82649376257405,-313.7846374511719,96.76844024658205,-5.4294538497924805,2.351359367370605,-1.7048441171646118,-9.510693550109863,-6.949191093444824,-13.347996711730955,-9.34836483001709,-10.256875038146973,-7.765019416809082,-3.099533796310425,-7.2293171882629395,124.99669647216795,76.0914535522461,41.27679061889648,29.75181770324707,19.594526290893555,19.15336799621582,14.950945854187012,15.40297794342041,14.000147819519045,11.082130432128906,11.007076263427734,9.07352066040039,12.402775764465332,0.1266029129579463,0.1745898273204614,0.0858229622244834,0.0656127333641052,2111.277434391702,1929.0275237827764,1914.4079483245036,1041.6522162600577,3783.8937859786174,3342.6781909758643,S037,alzheimers_healthy_012.wav,0,HC
alzheimers,196.61998195481704,45.376152723122864,189.2349137694844,138.52806521170294,290.159257083858,-328.3752746582031,88.09163665771484,-2.776682138442993,3.607673406600952,-2.144766330718994,-6.310325622558594,-6.520756244659424,-11.512539863586426,-7.02046012878418,-9.28982925415039,-10.547016143798828,-1.4170929193496704,-6.523687362670898,139.83677673339844,79.10458374023438,40.45105743408203,28.089357376098636,24.52836227416992,17.531963348388672,15.506665229797363,14.834393501281738,13.737430572509766,12.834659576416016,10.871749877929688,8.65678882598877,12.179428100585938,0.1352577082174638,0.1781249754229161,0.0832133218646049,0.0714548677206039,2158.322086638166,1901.9944283219843,1906.696875182109,1054.5812490417754,3864.826722617144,3320.7285047287187,S038,alzheimers_healthy_013.wav,0,HC
alzheimers,230.47692746897923,75.97817453582861,215.49946785860996,152.82122781686914,460.5991099332276,-318.4619445800781,80.0384750366211,-4.239367961883545,1.8651912212371824,-2.1539320945739746,-6.945815563201904,-7.044680118560791,-12.003013610839844,-6.940019130706787,-11.166875839233398,-5.925786018371582,-1.835354208946228,-4.671428680419922,133.25941467285156,79.23236083984375,40.97281265258789,31.343416213989254,21.338943481445312,18.09685516357422,13.859010696411133,15.37322998046875,12.910146713256836,12.259769439697266,8.944197654724121,12.39399242401123,10.98929500579834,0.1631595072239422,0.2083183422946988,0.0842735543847084,0.0708732828497886,2454.2222202913244,2184.7329671843845,1997.6347916000304,1108.6944773104558,4284.557425200755,3626.502116372287,S039,alzheimers_healthy_014.wav,0,HC
alzheimers,197.22571438774293,55.01104178233801,180.68936857950385,133.80929076365396,290.0756973665468,-325.2641296386719,103.70096588134766,2.419984817504883,9.04115867614746,0.9775022864341736,-8.964795112609863,-7.688451766967773,-9.871504783630373,-9.726503372192385,-10.4391450881958,-13.138129234313965,-1.3847004175186155,-9.493534088134766,119.90692138671876,71.4809799194336,36.70108795166016,30.05956268310547,24.445051193237305,19.094247817993164,15.926719665527344,14.635342597961426,14.196228981018066,11.200691223144531,11.782526969909668,8.607870101928711,11.31210231781006,0.0914723619711042,0.1323630990382077,0.0885109528899192,0.0704490095376968,1796.821800041494,1678.814910594625,1757.3407334510816,982.7028089780844,3256.458086421246,3077.150621056156,S040,alzheimers_healthy_015.wav,0,HC
alzheimers,231.74685285365985,71.90097276541897,221.17346184722248,154.59692495035372,429.2734307336235,-317.13818359375,89.12528991699219,-8.696743965148926,9.293782234191896,-1.9727420806884768,-13.17419147491455,-8.630857467651367,-11.949484825134276,-5.958981513977051,-12.82469654083252,-3.6909241676330566,-3.5643680095672607,-3.852491617202759,136.67813110351562,70.5833969116211,41.28812026977539,28.2125186920166,20.09759521484375,19.909610748291016,14.529996871948242,13.75876522064209,15.112103462219238,12.165979385375977,9.314814567565918,10.693621635437012,9.803186416625977,0.120548779750387,0.1513020208975164,0.0865285918116569,0.0672956183552742,2088.050540128097,1787.4470399642532,1943.7756132799157,1051.8227560462626,3858.7155557638353,3223.930282044412,S041,alzheimers_healthy_016.wav,0,HC
alzheimers,201.5355249491521,43.25913746776494,195.90826859169485,144.4947105207526,300.391701186791,-291.4107360839844,82.19815826416016,3.0828824043273926,5.876581192016602,3.4464809894561768,-9.189085960388184,-9.405702590942385,-10.712823867797852,-8.843114852905273,-11.987749099731444,-9.958309173583984,-0.8035526871681213,-6.966231346130371,118.93669891357422,79.4277572631836,37.3545036315918,27.68379783630371,19.849180221557617,19.422901153564453,13.692392349243164,15.886423110961914,13.019124984741213,13.48869800567627,10.453557014465332,9.642354011535645,12.124075889587402,0.1485405480037409,0.2058270417441462,0.1106074526906013,0.0847770497202873,2357.942760254606,2281.898804355324,1878.1522982503243,1019.8647508835644,3967.46489817144,3498.0041874439885,S042,alzheimers_healthy_017.wav,0,HC
alzheimers,204.8383700293413,55.76468486371693,183.8477631085024,141.9302536692471,323.816901813294,-314.0528869628906,83.28203582763672,0.7079874873161316,9.666129112243652,1.1632367372512815,-8.724449157714844,-8.431009292602539,-7.707699298858643,-9.11141300201416,-9.561508178710938,-11.686640739440918,-1.0343084335327148,-8.078632354736328,124.48223114013672,74.03838348388672,36.013370513916016,26.38622665405273,23.02693748474121,18.906795501708984,14.525612831115724,13.25249195098877,12.481518745422363,11.765253067016602,10.93694305419922,8.07180404663086,11.579455375671388,0.1272038562756748,0.1748930673185906,0.0893522277474403,0.0740771889686584,2216.9679704805944,1958.4418742336425,1948.1726923776253,1023.9500110638804,3994.503956109705,3326.5924419083926,S043,alzheimers_healthy_018.wav,0,HC
alzheimers,206.11886565385927,40.82248787363121,206.36213675586595,147.1479640442847,278.66110025943624,-299.8684997558594,92.94959259033205,-3.1894760131835938,4.954546928405762,-2.902811288833618,-8.655901908874512,-6.268058776855469,-13.77452564239502,-9.18508529663086,-12.632716178894045,-9.88747787475586,-3.883675336837769,-6.362205505371094,119.89131927490234,72.95108795166016,39.56761169433594,30.89923858642578,24.668066024780277,17.04780387878418,15.03854274749756,16.63725471496582,13.514954566955566,11.965371131896973,10.33527660369873,9.17782974243164,9.7252197265625,0.1252516991582817,0.1675874491764488,0.0973115488886833,0.0689915940165519,2093.2724582626893,1905.1940296923235,1901.1045972494023,1029.8810755171903,3687.949921693595,3323.905935562085,S044,alzheimers_healthy_019.wav,0,HC
alzheimers,198.42368564039575,44.07385008133827,191.43371755306836,140.13768379557115,278.019112325024,-308.97955322265625,91.43386840820312,0.0317440442740917,12.290969848632812,-2.2302746772766118,-13.483884811401367,-6.598177433013916,-11.37506103515625,-11.545113563537598,-12.066750526428224,-10.490195274353027,-1.9907928705215452,-7.849456787109375,126.575439453125,71.72749328613281,35.4570426940918,29.477012634277344,22.8413143157959,19.51329803466797,13.148616790771484,14.449236869812012,13.411757469177246,12.099266052246094,9.981340408325195,9.065980911254885,10.4060640335083,0.1081280939596233,0.1588434517690432,0.0985921695828437,0.0740539655089378,1931.426141042646,1801.618197216844,1854.4584037164943,1042.520451804534,3553.711844523994,3208.152949368707,S045,alzheimers_healthy_020.wav,0,HC
alzheimers,226.9028610049412,76.51879695461164,200.48740730303228,151.9410423129619,439.7991928883532,-303.8501281738281,95.1501235961914,-5.851909160614014,9.060643196105955,0.1713039875030517,-13.726341247558594,-12.326760292053224,-16.10076332092285,-9.319916725158691,-15.14177703857422,-6.353704929351807,-3.848813772201538,-5.716537952423096,125.9110870361328,67.79317474365234,39.3353385925293,32.862789154052734,19.21529006958008,19.83622169494629,17.39899444580078,14.75167465209961,16.431591033935547,13.613595962524414,9.042692184448242,9.638788223266602,9.485969543457031,0.1231657959236326,0.1702510448861029,0.0989665240049362,0.073209710419178,2002.9022634539488,1797.6747167394717,1938.6387881044868,1053.9232869154644,3741.52737549584,3285.718142206834,S046,alzheimers_healthy_021.wav,0,HC
alzheimers,204.38566976747208,43.202936160223246,199.33268480704808,142.58724736030138,275.4604045334168,-331.3935546875,93.80696868896484,-8.105232238769531,5.972175598144531,0.1004732027649879,-9.360897064208984,-6.675243377685547,-12.812642097473145,-8.10409164428711,-11.12220287322998,-7.995420455932617,-1.3754419088363647,-8.883670806884766,130.64817810058594,76.7658920288086,34.93754196166992,30.4714298248291,18.68037414550781,18.87144470214844,13.51555061340332,15.146733283996582,13.023971557617188,12.002869606018066,10.438997268676758,9.752727508544922,12.017292022705078,0.1104221088106295,0.145193876526259,0.0766631215810775,0.0590325482189655,1979.6513680702476,1759.755005372479,1840.049521250672,1037.553298218509,3612.7003767172982,3207.5565081644254,S047,alzheimers_healthy_022.wav,0,HC
alzheimers,224.20402064369733,92.55094882522116,193.6580702059513,140.9494931391844,490.8146425944806,-317.4579467773437,81.78971862792969,0.6557936072349548,8.044615745544434,1.1933495998382568,-6.865756034851074,-9.241928100585938,-9.687616348266602,-9.006843566894531,-9.484644889831545,-11.642772674560549,-0.8023144006729126,-8.52716064453125,126.26763153076172,78.0979995727539,40.35036849975586,29.4114933013916,19.17073631286621,19.360843658447266,15.20900058746338,14.736955642700195,13.380288124084473,13.892088890075684,11.384735107421877,8.756893157958984,13.131876945495604,0.137987827738003,0.1736979001164366,0.083166554570198,0.0674749314785003,2346.88144172608,2061.5998155875373,1937.5418988879808,1034.4216073467185,4095.891899368711,3374.3904191443085,S048,alzheimers_healthy_023.wav,0,HC
alzheimers,237.77574198516783,77.93383090905088,216.1218529971248,153.35239843686523,460.5991099332276,-310.9319763183594,88.44922637939453,-2.577939510345459,9.064764976501465,-1.4174805879592896,-14.713215827941896,-9.39609718322754,-11.556526184082031,-7.552664756774902,-14.563273429870604,-4.807356834411621,-4.396340847015381,-3.9765236377716064,128.8582763671875,68.16400909423828,41.265472412109375,29.856618881225582,20.261438369750977,19.37598419189453,15.595755577087402,14.159825325012209,14.961697578430176,12.503473281860352,8.483989715576172,10.955647468566896,9.66158676147461,0.1314903269918061,0.1570295027593137,0.092425063252449,0.0718269199132919,2186.2817326657087,1953.606879093585,2005.0765449933451,1107.225557142833,4030.620699447568,3454.962949076857,S049,alzheimers_healthy_024.wav,0,HC
alzheimers,216.21122103367628,46.07860211409574,212.40900892134297,149.33078614961454,290.159257083858,-334.0413513183594,88.98049926757812,-6.427063465118408,1.6453936100006104,-6.658432483673096,-8.85188102722168,-7.56771183013916,-13.147396087646484,-5.958522796630859,-12.106654167175291,-3.87138557434082,-2.412158489227295,-4.026484489440918,135.78587341308594,73.6195068359375,39.64982223510742,31.858369827270508,22.728076934814453,19.38832664489746,14.219042778015137,15.995574951171877,12.35731029510498,12.916362762451172,9.76918888092041,11.534910202026367,11.050643920898438,0.1336910535184468,0.1655392195556857,0.0818190351128578,0.0723686665296554,2100.5081778397566,1853.531256654742,1905.3755166436847,1081.278124263666,3817.526915937016,3353.7841357750435,S050,alzheimers_healthy_025.wav,0,HC
als,143.54360643441925,33.73474339133901,136.93693467412865,101.40847938173854,214.87708272009507,-231.6200714111328,36.46148681640625,15.10912799835205,6.994000911712647,4.933046340942383,3.9150891304016113,-2.774698257446289,-3.5805249214172363,-4.368295669555664,-5.608390331268311,-6.730359554290772,-7.181941986083984,-5.821437835693359,108.11963653564452,38.11241912841797,15.965299606323242,16.88838005065918,16.15294075012207,11.192808151245115,9.184624671936035,9.609540939331056,8.756532669067383,7.788797855377197,8.534164428710938,8.005513191223145,7.149889945983887,0.1908622520098547,0.1890650114280267,0.0762121230363845,0.0701972320675849,3179.27231558944,1775.8969621678916,2760.783359788798,1039.1868681853348,6603.806010519321,2864.198903342296,S001,als_disease_001.wav,1,ALS
als,163.571386354956,33.88946960965376,157.29923159850802,115.81683335824412,228.9731271349986,-262.4616394042969,29.90437126159668,11.55879020690918,4.835209846496582,2.5529468059539795,0.7650681734085083,-4.517242908477783,-3.845436573028565,-6.614823818206787,-5.526003837585449,-5.925051212310791,-5.330734252929688,-5.178926944732666,157.6322784423828,39.0208740234375,16.403287887573242,16.57701301574707,11.829111099243164,8.951387405395508,9.242629051208496,10.018497467041016,8.413634300231934,9.105985641479492,8.290009498596191,7.336233139038086,7.11164665222168,0.1730311164329634,0.1924195118270457,0.0750968009233474,0.0767082348465919,2759.146914093826,2037.2280782259795,2316.400262928279,1345.0296046857188,5574.613021731591,3505.1801046923533,S002,als_disease_002.wav,1,ALS
als,174.73261492343516,39.71399843150543,169.56576906952336,121.9969395672486,239.8022103323442,-226.9102935791016,34.425376892089844,14.311285972595217,6.780033588409424,3.170271635055542,-1.287296175956726,-6.3721208572387695,-5.697118759155273,-8.270933151245117,-7.45117712020874,-8.540828704833984,-6.302145957946777,-6.38521671295166,126.03327941894533,37.36769485473633,16.90951919555664,18.385595321655277,12.400638580322266,9.640710830688477,10.103497505187988,10.419166564941406,9.299455642700195,10.618260383605955,8.053801536560059,7.259560585021973,6.729803085327148,0.1930510261372324,0.1883058623795732,0.0865109488368034,0.076310284435749,3068.7256686977853,1855.4320396676524,2639.8615828139395,1119.2451336547244,6294.60964377867,3032.363288694916,S003,als_disease_003.wav,1,ALS
als,167.79146501176643,43.01120272460582,163.7897364863335,113.82716948276509,254.42953275011928,-282.400634765625,29.96435165405273,13.149786949157717,6.38445520401001,2.808908462524414,-0.5522297024726868,-4.655508995056152,-3.508927822113037,-5.73549747467041,-5.856566429138184,-6.77281379699707,-5.164962291717529,-4.907397747039795,155.9604034423828,37.34907913208008,16.06513786315918,16.664318084716797,14.554129600524902,8.812751770019531,9.11968231201172,8.661038398742676,7.508918762207031,8.664731979370117,9.10850429534912,7.344545364379883,6.341182708740234,0.1585127729134416,0.1854329925010173,0.0654970929026603,0.0703969225287437,2525.040323861859,2029.0408875444991,2200.642781109102,1429.371522048652,5237.407219003967,3628.368461458192,S004,als_disease_004.wav,1,ALS
als,152.78273791886082,39.75828705869806,144.24403136881983,103.77879022636448,234.9359645044377,-220.87503051757807,37.41260147094727,15.562369346618652,7.193392753601074,2.5837111473083496,0.156239852309227,-4.435462951660156,-3.295339584350586,-5.1112060546875,-5.768452167510986,-6.081011295318604,-6.5595784187316895,-5.528441429138184,109.0303192138672,38.925567626953125,18.28982925415039,18.43991470336914,16.30320167541504,12.429210662841797,8.799270629882812,9.14822006225586,7.60007381439209,7.538539409637451,8.17397403717041,7.449745178222656,6.868432521820068,0.1979867090750774,0.1874073980440018,0.0763468518853187,0.0653657913208007,3213.808615855534,1725.6032162675017,2787.138656327895,1003.17689056484,6661.320831015383,2781.064548468996,S005,als_disease_005.wav,1,ALS
als,146.78366708180087,35.2245628135695,142.17662630339242,101.40847938173854,214.87708272009507,-235.57586669921875,33.71049118041992,14.980670928955078,8.100481986999512,3.964934825897217,3.590372085571289,-3.393020868301392,-2.9879608154296875,-5.594218254089356,-5.75950288772583,-5.599599838256836,-5.963028907775879,-5.279054164886475,126.67444610595705,39.09838104248047,17.064647674560547,17.23390007019043,15.889892578125,11.881348609924316,9.43171215057373,9.95089340209961,8.637962341308594,7.478072166442871,8.319525718688965,7.668092727661133,7.62256383895874,0.1984873496338912,0.1902930946691078,0.0743283182382583,0.0666125044226646,3121.734728088121,1845.7554596849204,2643.058615824505,1132.434098962586,6370.172757583682,3033.3541460052525,S006,als_disease_006.wav,1,ALS
als,158.8856530910724,34.57056829623621,151.9410423129619,112.5197529307986,226.86762346040737,-253.8503875732422,30.46123313903809,15.186907768249512,7.451027870178223,2.593244791030884,1.3863940238952637,-4.566072463989258,-2.767739534378052,-5.916113376617432,-6.208405017852783,-7.262375354766846,-7.104477405548096,-5.904824256896973,147.5858917236328,37.39887237548828,17.385059356689453,15.74146556854248,15.213555335998535,11.89101791381836,8.608389854431152,9.767107009887695,8.103224754333496,8.647441864013672,8.804311752319336,7.878058910369873,7.200734615325928,0.1837613308471254,0.1947609665969474,0.0778371393680572,0.0736314803361892,2933.144919986883,1960.486228723102,2480.806775245137,1253.879222485083,5980.115639291159,3264.698600576404,S007,als_disease_007.wav,1,ALS
als,170.3215074220246,38.99020854317729,162.84637702113662,119.21052561660726,251.14344552045984,-237.89495849609372,30.959665298461918,13.446515083312988,7.149107456207275,4.001175880432129,2.136434555053711,-3.734457492828369,-4.680764675140381,-7.585008144378662,-6.454152584075928,-7.522665023803711,-6.074337482452393,-5.629814147949219,143.89410400390625,38.03822708129883,16.127161026000977,17.405014038085938,12.314974784851074,9.607270240783691,9.54114055633545,11.036364555358888,9.01616668701172,9.64765739440918,8.62678337097168,7.72806453704834,7.399549961090088,0.1930620726909184,0.1911769539727273,0.0839267894625663,0.079442985355854,2997.4971057948164,1943.853002439462,2519.971384911407,1238.0094656099732,6090.285395099651,3273.8740132154808,S008,als_disease_008.wav,1,ALS
als,146.52433062051705,33.44610281110237,136.93693467412865,103.77879022636448,212.16433174759857,-246.04351806640625,34.43762969970703,15.34566593170166,8.929875373840332,4.932690620422363,2.407263994216919,-3.127216100692749,-3.373979091644287,-4.618176460266113,-5.481803894042969,-6.716623306274414,-7.189087867736816,-5.6489691734313965,139.8593292236328,37.84366989135742,17.41428565979004,16.836517333984375,15.916987419128418,10.65776538848877,8.291635513305664,9.01401424407959,7.804609775543213,7.461040496826172,8.694008827209473,8.270737648010254,7.411066055297852,0.1625752326012642,0.1812578754027463,0.0816766023635864,0.0785230249166488,2802.2638530162394,1858.355153824152,2507.748526432843,1265.049994179854,5930.114141411087,3252.1159104502167,S009,als_disease_009.wav,1,ALS
als,154.19005635675524,36.896519258801895,152.82122781686914,108.23356090823852,218.9497000855185,-264.97674560546875,29.91325569152832,15.099474906921388,8.438199996948242,5.4270124435424805,2.3946924209594727,-5.400221347808838,-3.5896594524383545,-6.681393623352051,-7.134594440460205,-8.425896644592285,-6.802223205566406,-5.550802230834961,150.8772735595703,36.87683868408203,17.302688598632812,16.501266479492188,13.717534065246582,9.456671714782717,9.738269805908203,9.489449501037598,8.237363815307617,9.32103443145752,9.281099319458008,7.546175479888916,6.676716327667236,0.1600284210568947,0.1849438296240454,0.079614333808422,0.0800451710820198,2698.198284714056,1999.188257543776,2335.023218634477,1353.2197853414466,5549.588681898814,3450.998701486764,S010,als_disease_010.wav,1,ALS
als,140.9476918692769,36.116770548882414,133.03860595958074,97.3899599969843,218.63306796596575,-245.31344604492188,35.249595642089844,17.05681037902832,7.8478851318359375,2.731727838516236,2.7631611824035645,-2.837552785873413,-2.2644031047821045,-4.117979526519775,-5.405782222747803,-5.303741931915283,-6.259364128112793,-4.536912441253662,136.47195434570312,39.93209838867188,17.49628257751465,15.252351760864258,15.595122337341309,13.127534866333008,8.41800594329834,8.224451065063477,7.175593852996826,7.322227478027344,8.300960540771484,7.75120735168457,7.310159683227539,0.1899771712662337,0.1870243922322764,0.0707271248102188,0.0646787211298942,2994.1303588812384,1881.1477323954064,2578.94730188574,1212.580196617346,6176.992276278409,3182.132203474521,S011,als_disease_011.wav,1,ALS
als,147.4618957633324,37.31180213306062,139.33055012971812,105.3191350972733,223.03460683019864,-242.36370849609372,33.194671630859375,14.052273750305176,6.204456806182861,2.9900801181793213,2.771785020828247,-3.777989625930786,-3.634924173355103,-5.74074649810791,-5.403643131256104,-5.529995441436768,-6.528639316558838,-5.034487724304199,131.22935485839844,40.16965866088867,16.87700653076172,15.983963012695312,14.248066902160645,9.991636276245115,8.865842819213867,9.642993927001951,8.17736530303955,7.545905590057373,8.515137672424316,7.56850004196167,7.370217323303223,0.1894028471454516,0.1946708073816576,0.0723150074481964,0.0691261366009712,3022.1683702907694,1925.5209374802776,2547.1818161763736,1205.8213267651315,6161.175841706807,3197.410714578224,S012,als_disease_012.wav,1,ALS
als,151.32067498456362,33.474144410160626,144.24403136881983,106.81974089615272,217.6886426077508,-223.7568359375,41.886268615722656,16.843351364135742,6.00466775894165,2.3956716060638428,1.607304573059082,-3.506433248519897,-3.739919185638428,-6.834813117980957,-7.411386489868164,-8.127335548400879,-7.882054805755615,-6.426821708679199,100.95612335205078,40.95537185668945,18.43612098693848,19.286155700683597,17.04825782775879,11.419848442077637,8.391793251037598,10.054259300231934,8.674519538879395,8.734733581542969,9.227376937866213,8.433938026428223,7.621490478515625,0.1985937628664361,0.1852822412433237,0.077988713979721,0.0641800239682197,3183.898686001519,1690.7426885479192,2823.5203781057594,903.1744175173044,6593.195858680212,2689.102333170897,S013,als_disease_013.wav,1,ALS
als,136.56083430793103,32.96876961345545,127.76667781088264,97.3899599969843,198.70124532595867,-248.03956604003903,40.83111572265625,18.39815139770508,7.493944644927978,3.2744064331054688,2.4887523651123047,-2.151475429534912,-2.939725637435913,-4.354921340942383,-6.411576747894287,-7.364469528198242,-7.060854911804199,-5.507753849029541,125.2569580078125,39.6257438659668,17.87314224243164,14.849974632263184,14.544437408447266,11.320810317993164,8.744039535522461,7.893435001373291,7.671109676361084,8.318469047546387,9.001846313476562,8.256815910339355,7.446981906890869,0.1540711268059855,0.1727927809054436,0.0740028619766235,0.0668503269553184,2791.0431131380783,1776.5742073435356,2599.3972852726083,1197.660312021782,6027.952438685178,3099.029490510672,S014,als_disease_014.wav,1,ALS
als,172.66205749252666,41.22243959673611,161.90845090664698,122.70366064862014,247.75836406735743,-247.847412109375,37.23573303222656,15.900946617126465,7.397446632385254,3.9789938926696777,-0.7393467426300049,-6.073564529418945,-5.824448585510254,-7.898534297943115,-7.714956283569336,-9.268139839172363,-7.005564212799072,-5.677133083343506,126.54823303222656,37.61109924316406,16.88080596923828,16.784780502319336,13.187199592590332,9.512540817260742,10.24189281463623,11.090094566345217,8.748844146728516,10.355352401733398,8.614823341369629,7.567994594573975,6.662153244018555,0.1773086322352216,0.186206831134345,0.0749937370419502,0.0651397630572319,2918.8829803536564,1812.500841449366,2625.340156114744,1141.7347366106344,6142.76386129445,3045.438896269764,S015,als_disease_015.wav,1,ALS
als,156.1582568915644,34.743315662483695,151.06592630451914,108.0609264985624,229.3047340929024,-230.8516845703125,31.97079086303711,14.344318389892578,8.770112991333008,4.4787211418151855,2.295441150665283,-4.164411544799805,-3.74704909324646,-6.347718238830566,-6.218214988708496,-6.901346206665039,-6.103393077850342,-5.285403728485107,116.40190887451172,38.24065780639648,17.516658782958984,17.78062629699707,14.19272804260254,10.651265144348145,9.658105850219728,10.755243301391602,8.851929664611816,9.004609107971191,8.361084938049316,7.158889293670654,7.119767189025879,0.2185980165888511,0.1928394540521571,0.0747950375080108,0.0712901651859283,3294.1090133362977,1832.220430962795,2715.580041792409,1052.9010971520347,6621.002974453523,2911.9489038853567,S016,als_disease_016.wav,1,ALS
als,178.72999642028333,40.478702125361,169.56576906952336,126.29915234996876,261.5061646776419,-271.6311340332031,34.99120330810547,14.107988357543944,3.358422040939331,0.1782901734113693,-1.068025827407837,-4.943579196929932,-5.231189727783203,-8.270391464233398,-6.950811862945557,-7.447391033172607,-5.555732727050781,-5.203312397003174,132.44371032714844,40.24930191040039,15.876805305480955,16.687904357910156,13.268755912780762,9.82351779937744,9.081819534301758,10.855652809143066,9.087327003479004,9.468050956726074,8.940021514892578,7.926687240600586,6.788183212280273,0.1803846487196852,0.1970421020404085,0.0609594136476516,0.0596094951033592,2811.932708472562,1966.014704943197,2435.732063198402,1254.2832516661451,5757.992959982102,3304.675791522778,S017,als_disease_017.wav,1,ALS
als,159.29335407364874,40.974384881710655,150.19585059339548,113.04120916895664,242.5885777995699,-276.219482421875,30.535490036010746,13.422310829162598,6.050176620483398,2.762519359588623,0.441032350063324,-3.709995746612549,-3.365628480911255,-5.696827411651611,-6.034440517425537,-6.656788349151611,-5.590421676635742,-4.818655014038086,158.33331298828125,38.06958770751953,16.757064819335938,16.60213851928711,13.72915267944336,8.517139434814453,8.125247955322266,8.383211135864258,7.895233631134033,8.982778549194336,8.71937084197998,7.564954280853271,6.638062953948975,0.1648312028347523,0.1899019008064214,0.0676236525177955,0.0706486105918884,2624.03610521739,2026.5999243156416,2265.951229088095,1403.9371275227809,5425.072750882837,3607.400783406591,S018,als_disease_018.wav,1,ALS
als,164.25621515317977,38.09302081820194,158.21045677717683,117.16256013940792,241.19137040474044,-260.8311462402344,34.297061920166016,13.008546829223633,4.441572666168213,2.6034903526306152,-0.1906834244728088,-5.588855266571045,-4.909389019012451,-6.570059776306152,-6.150301933288574,-7.178624153137207,-5.901933193206787,-5.590437412261963,148.56639099121094,38.56440734863281,16.077220916748047,16.557723999023438,14.08872413635254,9.073874473571776,9.988580703735352,10.01833152770996,8.604094505310059,8.802606582641602,8.791373252868652,7.394871234893799,6.602198123931885,0.1708528343492002,0.1872081197543083,0.0722431167960167,0.0692523121833801,2750.0173143509865,1951.175015360648,2409.808647368625,1307.685506931429,5709.3099210284445,3393.7134732345457,S019,als_disease_019.wav,1,ALS
als,151.89872064316725,29.786080867124184,145.9200662802185,112.5197529307986,208.63971240130283,-234.083251953125,36.66328048706055,15.666231155395508,10.012520790100098,6.487606048583984,2.212698221206665,-3.469294786453247,-3.804894208908081,-6.078757762908936,-6.681053161621094,-7.820212841033935,-7.631954669952393,-6.021904468536377,138.0080108642578,37.48265075683594,17.486217498779297,18.007863998413086,15.534815788269045,9.504267692565918,8.713701248168945,8.817492485046387,7.766838073730469,8.013236999511719,9.453142166137695,8.232416152954102,7.319417476654053,0.1619493860455366,0.1810826658467013,0.0932267755270004,0.0801562219858169,2792.2872404723757,1798.4310447609942,2564.6685530861723,1214.161573101507,5987.191574049439,3132.5855198017152,S020,als_disease_020.wav,1,ALS
als,160.2192191400308,34.98113255428834,150.19585059339548,114.4865635674993,234.3251202788159,-277.53399658203125,29.812225341796875,13.456372261047363,7.200291156768799,4.368058204650879,1.3377305269241333,-4.093935489654541,-4.143956661224365,-6.139441967010498,-5.9395036697387695,-7.083356857299805,-6.283417224884033,-5.370064735412598,165.86013793945312,36.52029800415039,16.499698638916016,15.558382987976074,12.306614875793455,9.29874324798584,8.781044006347656,9.205867767333984,8.133344650268555,8.608067512512207,8.809064865112305,8.030600547790527,7.377416133880615,0.1491651348039215,0.1838013603796991,0.0792301148176193,0.0832698196172714,2479.4229269147577,2008.784977208383,2192.8376532258094,1440.4712114996166,5186.129751294021,3635.6886255044233,S021,als_disease_021.wav,1,ALS
als,159.2645364109059,39.37073671685037,151.06592630451914,113.82716948276509,252.59830469993756,-229.4322052001953,34.63290023803711,16.273649215698242,7.867359638214111,4.083541870117188,2.628291130065918,-3.755680322647095,-4.197075843811035,-8.028448104858398,-7.554716110229492,-7.173639297485352,-6.682327747344971,-6.467685699462891,125.20817565917967,37.89397430419922,16.491151809692383,17.12982177734375,13.580767631530762,9.65679168701172,8.445863723754883,9.292526245117188,8.837255477905273,9.134760856628418,8.71465015411377,7.286599636077881,7.520541191101074,0.1916206603940918,0.1936812645217273,0.0822804719209671,0.0731008648872375,3100.5757209748563,1831.465825937956,2681.7092587189004,1107.0284132139668,6429.316678357198,2957.722440702729,S022,als_disease_022.wav,1,ALS
als,144.99418278480368,38.34564585895723,137.73020226670835,102.5867891540234,217.1234379234349,-261.230712890625,26.894184112548828,13.060293197631836,9.473724365234377,6.262308120727539,4.750572204589844,-3.3639700412750244,-3.0156991481781006,-4.802601337432861,-4.70964241027832,-5.452322483062744,-6.258533954620361,-4.864188194274902,150.1238250732422,35.98626708984375,17.260610580444336,15.713995933532717,14.53450870513916,10.242474555969238,8.991116523742676,9.224127769470217,7.956672191619873,6.995284080505371,8.63923454284668,7.941319942474365,7.416067123413086,0.1882263750483746,0.1869497864783507,0.0644987821578979,0.0641814023256301,3014.31782087681,1970.645322470216,2480.393286831838,1301.1229004204656,6101.763103473298,3375.6923087191594,S023,als_disease_023.wav,1,ALS
als,170.24948180087645,37.98591466905238,164.73856077731807,119.9011051661721,235.68255189130872,-240.2518310546875,32.47267532348633,14.840523719787598,7.936904430389404,5.0671868324279785,-0.908561110496521,-6.990780830383301,-4.562337398529053,-7.885583400726318,-7.839166641235352,-9.126636505126951,-6.1539483070373535,-5.993852138519287,121.7504653930664,35.176082611083984,16.238584518432617,17.257261276245117,13.833213806152344,10.330007553100586,10.01712703704834,9.791777610778809,8.392135620117188,10.557490348815918,9.096128463745115,7.278704643249512,6.511957168579102,0.2027846161575562,0.1929511407708668,0.0772286131978035,0.0694554299116134,3156.992245355313,1875.3967438524724,2676.2467259524183,1104.0635544951413,6427.391102290997,3009.433549895809,S024,als_disease_024.wav,1,ALS
als,162.5006912327375,36.83597842092024,155.49249582586248,111.22735333873828,242.5885777995699,-273.1132202148437,32.0552978515625,13.84597396850586,5.657324314117432,2.58447790145874,0.4791522920131683,-3.758127689361572,-4.146929264068604,-6.4443840980529785,-5.994631767272949,-6.659075736999512,-6.105562210083008,-5.591698169708252,150.93753051757812,38.06122970581055,17.122211456298828,16.16529655456543,14.070804595947266,10.332237243652344,8.61262321472168,9.03895378112793,8.650328636169434,8.540610313415527,8.530241012573242,7.810610771179199,7.375529766082764,0.1537946047919509,0.1849980005144862,0.0724817886948585,0.0724816769361496,2617.3982111852906,1975.0061801822276,2315.626432285546,1368.2528068074348,5463.543542963421,3496.901317775618,S025,als_disease_025.wav,1,ALS
als,203.66279656725675,43.09334375285025,199.33268480704808,144.24403136881983,285.17449472060275,-317.5998840332031,96.05978393554688,-6.740502834320068,5.803572177886963,-2.7250592708587646,-10.450489044189451,-6.75850772857666,-11.139241218566896,-8.29854965209961,-12.036484718322754,-6.00580358505249,-3.833775997161865,-9.308167457580566,127.4679183959961,69.17568969726562,35.39528274536133,27.632587432861328,19.59939384460449,19.74477767944336,12.943575859069824,13.344375610351562,13.712839126586914,11.943717956542969,10.152569770812988,9.176913261413574,11.34238624572754,0.0965190822795286,0.1437944331002284,0.0875368267297744,0.0711010992527008,1853.236236893934,1635.9998512789443,1843.3841091375496,1053.813943150313,3469.7483515335343,3136.957239991829,S026,als_healthy_001.wav,0,HC
als,206.42050329034612,43.17036628728968,201.6488190383855,149.76331837150502,291.84500116672604,-316.3569030761719,93.89403533935548,0.7173277735710144,5.355636596679688,-2.3264822959899902,-10.14829921722412,-6.628783226013184,-12.426279067993164,-11.720829010009766,-12.228839874267578,-8.853944778442383,-2.606200218200684,-6.562230110168457,117.3309555053711,70.16704559326172,39.93914031982422,28.471324920654297,23.305116653442383,18.78775978088379,14.627045631408691,14.189759254455566,12.97336769104004,12.337258338928224,9.849714279174805,9.90830898284912,11.255949020385742,0.1191690685679611,0.1640704851552187,0.0877354517579078,0.0651228353381156,2008.210172013376,1918.789020199036,1852.5680120618183,1053.9948479998995,3573.3779690709016,3290.2465617263315,S027,als_healthy_002.wav,0,HC
als,210.2824248880873,45.22817965907391,199.33268480704808,148.4707041104003,298.66157229922914,-332.4281921386719,89.35431671142578,-3.576634168624878,7.723089694976807,-1.3494575023651123,-11.161121368408203,-6.582020282745361,-10.422758102416992,-10.824325561523438,-12.472827911376951,-4.164289951324463,-3.685199499130249,-6.537050724029541,131.600341796875,67.82263946533203,40.68110275268555,29.01757049560547,18.94362068176269,20.604642868041992,12.751494407653809,13.285781860351562,14.70125961303711,12.910478591918944,8.888011932373047,10.609238624572754,10.00895881652832,0.1123452516286119,0.1668450693030176,0.0820417180657386,0.0694923251867294,1981.5240036066496,1784.305338413653,1919.916915299856,1089.3901803228753,3700.2276252297793,3269.089903089557,S028,als_healthy_003.wav,0,HC
als,207.8257737176417,44.14116513544161,201.6488190383855,146.76537262479704,301.1747693268024,-316.7339782714844,93.50160217285156,-6.290201663970947,8.545160293579102,-4.18818998336792,-13.813654899597168,-6.807634353637695,-12.571456909179688,-10.708127975463867,-13.530949592590332,-6.469541549682617,-4.817044258117676,-6.868416786193848,125.01089477539062,64.06629943847656,40.94314956665039,28.977771759033203,19.679916381835938,19.37404060363769,13.89964199066162,13.491453170776367,13.163087844848633,12.563787460327148,8.863441467285156,9.087312698364258,9.7818021774292,0.094361074649973,0.1330018774895635,0.0837884321808815,0.0617322139441967,1790.360955039129,1592.4599148333643,1825.320454818222,992.691590622296,3325.0245718270394,2979.3205552275977,S029,als_healthy_004.wav,0,HC
als,199.5362590479617,46.30045470648725,192.54268179725332,139.33055012971812,296.94140822080067,-333.8926086425781,91.40426635742188,-6.120272159576416,7.191463947296143,-0.0287622697651386,-8.708374977111816,-7.809795379638672,-13.974261283874512,-6.422418594360352,-11.971535682678224,-9.687087059020996,-1.3770506381988523,-8.30397891998291,147.62400817871094,76.02350616455078,35.50544357299805,30.381628036499023,21.23344039916992,18.517078399658203,15.294330596923828,14.321942329406738,13.381546974182127,12.246919631958008,10.85998249053955,7.754323482513428,11.210108757019045,0.1026591542239253,0.1385019231208072,0.0876654833555221,0.073782242834568,1906.5193635375624,1612.337356425019,1847.853967016952,1043.231589496533,3591.9780448929705,3125.5849689385354,S030,als_healthy_005.wav,0,HC
als,209.88355496471368,45.48829677952186,201.6488190383855,156.39325469067515,298.92109163236336,-313.8549194335937,93.46478271484376,-7.343880176544189,4.200779914855957,-1.715088963508606,-9.92721176147461,-7.361687660217285,-13.527475357055664,-5.81148624420166,-12.802048683166504,-5.1532883644104,-2.461297035217285,-4.679881572723389,141.50982666015625,80.09456634521484,39.82867813110352,30.80213928222656,18.471893310546875,19.4314079284668,13.28058624267578,15.74150276184082,13.6953706741333,13.403088569641112,9.22917938232422,11.991708755493164,12.177061080932615,0.1308933122783687,0.1778212515370246,0.0920585468411445,0.0702143833041191,2187.070581661584,1976.3234453341715,1911.2856667171384,1036.565638790196,3861.3843812333776,3322.52886893541,S031,als_healthy_006.wav,0,HC
als,239.3341678685099,82.093474532806,216.1218529971248,162.84637702113662,479.6044206646884,-299.7542419433594,91.74505615234376,-4.083898067474365,0.5918624401092529,-6.947548389434815,-9.481491088867188,-10.394020080566406,-16.15323829650879,-9.150765419006348,-12.70925998687744,-6.325728416442871,-2.4921388626098637,-3.179234504699707,123.88385009765624,72.56034851074219,42.77373504638672,28.557493209838867,24.3691520690918,18.35519027709961,15.291327476501465,16.092683792114258,12.893169403076172,11.797897338867188,9.036481857299805,10.450858116149902,9.081748008728027,0.1334569749639769,0.1777080343840292,0.1074829697608947,0.0795040801167488,2191.724232164468,2095.780559921647,1911.9688607887567,1100.6329415404446,3819.208337085735,3540.598023143148,S032,als_healthy_007.wav,0,HC
als,197.90476929928025,42.29146305040972,193.6580702059513,135.36407982952483,273.87386934825736,-323.5266418457031,98.3848648071289,-6.211519241333008,5.053982734680176,0.5916361212730408,-7.99761438369751,-8.223175048828125,-12.031441688537598,-8.86064624786377,-10.458852767944336,-10.666556358337402,-1.2236175537109375,-8.744208335876465,122.37396240234376,73.263671875,37.52547836303711,30.39147186279297,20.00271224975586,18.083221435546875,14.366615295410156,15.075813293457031,14.43846035003662,13.22532844543457,11.022693634033203,8.37343978881836,11.346327781677246,0.1057801615712074,0.1462171065532966,0.085856981575489,0.0693437457084655,1864.6329280787352,1713.5115962408747,1752.9567767197168,1025.6545280934013,3363.5463277621902,3109.698786029263,S033,als_healthy_008.wav,0,HC
als,202.88005197594916,42.942627706021206,201.6488190383855,139.33055012971812,285.17449472060275,-314.4609375,81.86727905273438,-1.093859076499939,5.307961940765381,1.268379807472229,-5.990735054016113,-8.494338035583496,-11.188118934631348,-9.221240997314451,-8.798932075500488,-9.673142433166504,-1.4081705808639526,-8.860612869262695,116.16632843017578,76.97830963134766,34.8828010559082,29.581993103027344,20.178585052490234,18.04987907409668,14.464425086975098,16.1815242767334,12.162498474121094,13.806988716125488,11.732081413269045,9.687129020690918,13.06601619720459,0.1455803744195046,0.1847617131650121,0.0826408639550209,0.0680225938558578,2301.1311508900435,2072.020656654252,1910.707458100536,1007.3385087673796,3993.5369627394543,3358.6616154368703,S034,als_healthy_009.wav,0,HC
als,222.0004505465994,66.17464244118155,205.1735783080468,153.70651218352927,344.26449452519745,-326.9217224121094,86.45625305175781,-2.0172038078308105,5.842557430267334,-2.970910787582397,-9.761488914489746,-6.3281989097595215,-12.149651527404783,-8.416437149047852,-11.042009353637695,-6.233914852142334,-3.926383018493652,-6.141757011413574,134.1558074951172,72.77204895019531,36.47705078125,31.84173393249512,20.46062660217285,17.998870849609375,15.361574172973633,13.885381698608398,13.766230583190918,11.978589057922363,8.718924522399902,11.04765510559082,9.941359519958496,0.1227427323121191,0.1568927008245861,0.0806571096181869,0.0650110989809036,2154.3690278549525,1932.395533009306,1967.3066359533937,1142.643366440648,3969.807094194313,3518.587963383829,S035,als_healthy_010.wav,0,HC
als,197.76903387329727,41.88491215964473,190.3311404729313,134.5844400993791,277.05613042340593,-316.5195617675781,85.88387298583984,-4.518860816955566,10.898541450500488,1.8211427927017207,-9.051350593566896,-8.344534873962402,-9.218971252441406,-9.097991943359377,-9.909431457519531,-12.265251159667969,-0.3061878979206085,-8.94186019897461,133.34405517578125,76.79367065429688,32.956241607666016,27.06789779663086,20.706846237182617,20.49278450012207,13.589516639709473,14.281638145446776,12.190678596496582,12.176775932312012,12.052369117736816,7.959805011749268,12.331297874450684,0.1229025383044954,0.1638924567689738,0.0971903651952743,0.0816700085997581,2108.5132462091005,1863.5120770623985,1870.0290965051609,999.289772443968,3829.0171871209977,3217.998109624422,S036,als_healthy_011.wav,0,HC
als,204.7023189253232,45.9156726420197,190.3311404729313,150.19585059339548,288.90586132419423,-314.72296142578125,94.78392028808594,-4.9484076499938965,2.0303895473480225,-2.0152995586395264,-9.397117614746094,-7.070345878601074,-13.295266151428224,-9.411625862121582,-10.151124000549316,-7.335819244384766,-3.208618402481079,-6.68386173248291,124.62041473388672,75.74192810058594,41.03905487060547,29.514711380004883,19.20102310180664,19.038576126098636,15.063488960266112,15.053208351135254,13.95746612548828,11.111498832702637,10.727289199829102,9.299224853515623,12.08761978149414,0.124397080995227,0.1705256537224779,0.0847237706184387,0.0658231973648071,2090.622525167606,1933.4452611888184,1897.4369111350247,1061.65603949705,3748.655110173181,3348.373884896193,S037,als_healthy_012.wav,0,HC
als,195.1455020101125,52.558312039924914,184.9127823656466,133.80929076365396,293.5307452495941,-329.5165710449219,87.85868072509766,-1.810896635055542,5.0851240158081055,-1.2733882665634155,-5.269054412841797,-6.9630937576293945,-9.86690902709961,-8.173321723937988,-7.481400966644287,-12.835456848144531,-0.9038676023483276,-7.790968894958496,136.21885681152344,79.69684600830078,39.58620071411133,27.90283966064453,24.242660522460938,18.010053634643555,15.558916091918944,14.856155395507812,13.427647590637209,12.932737350463867,11.986091613769531,8.59142780303955,12.638158798217772,0.1343470982142857,0.1787607143452563,0.0840784758329391,0.0724593102931976,2117.575850109227,1882.121487617561,1853.2761061136391,1030.5775599713727,3783.8150024414062,3260.781482420562,S038,als_healthy_013.wav,0,HC
als,203.08798804746283,41.83154923256952,195.3440942928317,144.36937094478623,285.17449472060275,-317.1087646484375,81.72309112548828,-2.3740904331207275,2.449662208557129,-1.146274209022522,-5.876808166503906,-6.132161140441895,-11.082097053527832,-7.429868221282959,-9.762194633483888,-8.82700252532959,-0.821025550365448,-6.557886600494385,129.48776245117188,81.5410385131836,40.08551025390625,31.14179039001465,22.21769905090332,18.003265380859375,14.13781452178955,15.01574993133545,13.114744186401367,12.153604507446287,9.62904167175293,10.887320518493652,12.491372108459473,0.143836872742518,0.1889981643525566,0.0844929218292236,0.0706141218543052,2437.032343559377,2123.448526655665,1987.365391358338,1037.8916110275838,4233.391067930051,3475.6829894453253,S039,als_healthy_014.wav,0,HC
als,214.2573692243914,48.26990911968705,198.18461302324903,149.33078614961454,303.8820846259238,-325.8814697265625,98.7015609741211,-2.108603239059448,6.553099632263184,-4.240998268127441,-12.136408805847168,-8.157305717468262,-13.064438819885254,-9.17418098449707,-14.168414115905762,-5.803615093231201,-3.685356855392456,-5.700716495513916,129.58934020996094,69.61651611328125,38.431785583496094,30.60979461669922,22.910165786743164,19.99102020263672,16.268543243408203,14.396021842956545,14.503692626953123,12.80350399017334,8.869967460632324,10.262444496154783,10.282179832458496,0.0964841734391124,0.1382339753569716,0.0865832492709159,0.0699583515524864,1839.4785881859627,1739.6282767069822,1800.5138717546915,1067.702540551505,3357.4352536039087,3199.822181718521,S040,als_healthy_015.wav,0,HC
als,216.1430687600447,47.30925523963813,211.1856230526212,150.76139980562587,309.19384990070745,-320.2637023925781,88.11021423339844,-7.89971923828125,9.289114952087402,-1.2420071363449097,-12.722411155700684,-8.444706916809082,-11.661864280700684,-5.953826427459717,-12.522436141967772,-4.339355945587158,-3.11796498298645,-4.569098949432373,136.9079132080078,71.23744201660156,40.783164978027344,28.22867202758789,20.135019302368164,19.836219787597656,14.457980155944824,13.672218322753906,15.184672355651855,12.053401947021484,9.474040031433104,10.40232276916504,10.004709243774414,0.1184910950399896,0.1507980362580174,0.0852939784526825,0.0675895884633064,2085.488057330725,1805.5274907450507,1926.3371482074883,1054.5890899719743,3830.704614031056,3232.885031087827,S041,als_healthy_016.wav,0,HC
als,213.7031087711089,70.41717307817194,197.04315364635173,141.43940040356387,394.0863072927035,-292.4546813964844,83.14473724365234,3.274521589279175,6.701333045959473,3.591421127319336,-6.819418430328369,-9.80075740814209,-9.258126258850098,-9.469548225402832,-9.936266899108888,-13.112754821777344,-0.2954698503017425,-8.431696891784668,117.8960189819336,79.8666763305664,35.886436462402344,26.938461303710938,20.00908851623535,19.65170669555664,13.479377746582031,15.974092483520508,12.628236770629885,13.429469108581545,11.444440841674805,8.527813911437988,12.347557067871094,0.1436663018414602,0.1984746931702651,0.1120272949337959,0.0865991786122322,2289.4077955890634,2240.229192569046,1810.1937855238605,1002.5038924687444,3840.4045553768383,3443.9046860753056,S042,als_healthy_017.wav,0,HC
als,242.44671603397495,92.20756543111044,205.1735783080468,155.49249582586248,479.6044206646884,-311.0180053710937,82.15705108642578,-1.4096065759658811,8.06594181060791,-1.959678649902344,-12.104283332824709,-8.338627815246582,-10.490982055664062,-9.089537620544434,-12.718403816223145,-6.410855293273926,-2.2308614253997803,-4.967161655426025,129.7708740234375,71.9304428100586,37.85465621948242,27.876176834106445,21.690040588378903,20.51002693176269,13.993542671203612,13.54682731628418,12.265942573547363,12.618958473205566,8.706169128417969,10.337072372436523,10.49825954437256,0.1436607593693895,0.1887395216540197,0.0898615196347236,0.0724444985389709,2464.4413004654816,2158.1479916259327,2104.917385270489,1067.7169335689491,4406.3557212185815,3564.0708027600253,S043,als_healthy_018.wav,0,HC
als,212.88835715194,67.0033413997808,202.8169587634771,142.58724736030138,415.11516090545786,-307.0635986328125,93.38878631591795,-2.5031750202178955,5.936090469360352,-2.421960592269897,-7.536449909210205,-5.4739766120910645,-11.878843307495115,-9.572265625,-10.39172649383545,-12.533700942993164,-2.975413084030152,-8.810416221618652,124.03480529785156,75.2204360961914,38.203067779541016,30.11014175415039,25.326534271240234,16.998634338378906,14.77490520477295,16.223873138427734,13.415966987609863,11.622762680053713,11.24581527709961,8.258050918579102,10.850011825561523,0.1188652424374355,0.1615677362229605,0.0961415544152259,0.0702084675431251,2021.9487250921648,1849.645748126056,1823.8671747503788,980.9871620861992,3550.1618659902283,3199.1243470536697,S044,als_healthy_019.wav,0,HC
als,206.4326940709436,60.50397293885657,192.54268179725332,141.7660052464835,380.66228094586256,-306.4012756347656,93.77129364013672,0.301283448934555,13.158982276916504,-0.9915971159934998,-12.298104286193848,-7.168231964111328,-9.8774995803833,-12.211393356323242,-11.048365592956545,-12.821222305297852,-1.5603985786437988,-8.770628929138184,122.62271118164062,72.05256652832031,34.97269058227539,29.379467010498047,23.28968048095703,18.988666534423828,13.26282787322998,14.48532772064209,13.24696159362793,12.083358764648438,10.75428295135498,8.813848495483398,10.44985008239746,0.1068559840532496,0.1577989028529615,0.1002296954393386,0.0738783031702041,1890.4549944913429,1769.4836455780644,1804.5307532451363,997.2638583189158,3458.476298564189,3120.7090001872507,S045,als_healthy_020.wav,0,HC
als,216.17439730749052,55.4313347615573,199.33268480704808,151.9410423129619,327.579472972667,-304.5960693359375,95.24503326416016,-6.11030912399292,9.08194637298584,-0.3102736473083496,-14.06935214996338,-12.598302841186523,-16.140625,-9.532777786254885,-15.298442840576172,-5.827221393585205,-4.011312484741211,-5.255177021026611,125.31342315673828,67.26248931884766,39.5850715637207,32.84727478027344,19.16197395324707,19.82879066467285,17.390962600708008,14.736287117004396,16.394441604614258,13.57550811767578,8.901283264160156,9.712997436523438,9.321767807006836,0.1104321868550051,0.1561617501306949,0.0974506884813308,0.0716631263494491,1967.6388936775247,1745.2938751859822,1923.905769930932,1027.88362460291,3662.466742453561,3145.255822540082,S046,als_healthy_021.wav,0,HC
als,202.65132525574933,42.715535650932736,197.04315364635173,141.7660052464835,273.87386934825736,-333.1097106933594,93.68034362792967,-7.794715404510498,6.192700386047363,0.5047824382781982,-9.325737953186035,-6.67106819152832,-12.518820762634276,-8.149434089660645,-10.853354454040527,-8.31099796295166,-1.255231857299805,-9.060349464416504,130.91053771972656,76.84782409667969,34.80718994140625,30.498899459838867,18.524423599243164,18.68009757995605,13.417950630187988,15.094537734985352,12.882956504821776,12.05988597869873,10.494486808776855,9.69405460357666,12.088186264038086,0.1110846361118526,0.1496429536180465,0.0761067345738411,0.0590450651943683,1991.5009814288549,1775.5028249076202,1850.825095885678,1060.5933923443042,3640.726605775327,3258.544609342577,S047,als_healthy_022.wav,0,HC
als,218.94845639570383,49.31870770229624,208.75994928447787,154.59692495035372,302.3943874115709,-317.9513244628906,78.0606460571289,-1.3070307970046997,6.249244213104248,-1.6181751489639282,-10.520567893981934,-9.825761795043944,-11.729519844055176,-8.441991806030273,-12.562782287597656,-5.417196750640869,-2.7324378490448,-3.984597682952881,132.82566833496094,74.81576538085938,42.87405014038086,29.262046813964844,18.19190788269043,20.42218971252441,14.007399559020996,15.323339462280272,13.867868423461914,14.2880277633667,9.35161304473877,12.403621673583984,11.067353248596191,0.1472727300212848,0.1848037412544922,0.0822936818003654,0.0673245936632156,2402.6339166429552,2148.504470381273,1983.017159843713,1096.84583427905,4207.124560093363,3474.392434246544,S048,als_healthy_023.wav,0,HC
als,221.5705985793577,53.08224896724043,208.75994928447787,151.9410423129619,327.579472972667,-316.7109680175781,86.6095199584961,-2.310530662536621,8.978249549865723,-1.0627285242080688,-14.384709358215332,-9.193951606750488,-11.349428176879885,-7.192185878753662,-14.30368995666504,-4.738918781280518,-4.012649059295654,-4.060013771057129,132.6645965576172,69.14034271240234,40.96104431152344,29.712665557861328,20.19137954711914,19.338321685791016,15.461548805236816,14.106436729431152,14.831103324890137,12.71730613708496,8.500313758850098,10.870361328125,9.635575294494627,0.1280886686500258,0.163781699972853,0.0903988629579544,0.0721525028347969,2168.906958384858,1988.043288159646,1964.8435272209613,1119.5691943578802,3963.414922661088,3458.1796836581025,S049,als_healthy_024.wav,0,HC
als,199.56159292426128,46.10157596889714,197.04315364635173,138.52806521170294,270.88499088648086,-328.5693359375,92.2427978515625,-3.562513828277588,3.1564438343048096,-4.701788425445557,-8.663597106933594,-6.309792995452881,-12.513832092285156,-6.863743782043457,-10.668389320373535,-8.325318336486816,-0.7195087671279907,-6.982457160949707,126.83152770996094,74.30768585205078,37.96421432495117,31.894859313964844,22.99721908569336,19.95347595214844,13.86583137512207,15.80628776550293,12.342062950134276,12.463197708129885,10.520744323730469,9.905193328857422,11.967643737792969,0.127739012114635,0.1578876390670069,0.0843509137630462,0.0732242986559867,2065.5617535216675,1801.3692465848872,1900.3649753742145,1035.4075147645406,3742.756082925452,3271.0219406858955,S050,als_healthy_025.wav,0,HC
depression,145.24230519173489,33.39558245093703,134.5844400993791,104.98464168400548,211.1856230526212,-384.45068359375,101.28416442871094,-0.9898092150688172,16.748619079589844,1.7819679975509644,6.6281023025512695,-10.249635696411133,2.5979599952697754,-11.129682540893556,0.2637635767459869,-5.599720001220703,-7.638991355895996,-0.432884156703949,147.55860900878906,80.93323516845703,27.194307327270508,26.04540252685547,24.43178367614746,21.58952140808105,15.859972953796388,11.13783359527588,14.15251922607422,9.48809814453125,9.6980619430542,10.102344512939451,8.009249687194824,0.0612362860424588,0.1069798204781174,0.0559947378933429,0.0435790680348873,1267.2039489092426,1264.8993726710546,1330.587284038975,897.101290539733,2310.4662993108363,2384.3506809571995,S001,depression_disease_001.wav,1,DEPRESSION
depression,166.74892296708435,38.76075196819637,161.90845090664698,113.17157322849611,228.6434300926315,-384.8699035644531,80.98474884033203,0.0258262008428573,18.803956985473636,0.929246425628662,6.699596881866455,-11.235350608825684,4.913317680358887,-13.363208770751951,2.814288854598999,-14.181356430053713,-0.5438411235809326,-6.125219821929932,153.2567901611328,81.13941955566406,25.50337028503418,26.68380546569824,22.942310333251957,22.733999252319336,17.25398826599121,15.722384452819824,14.053143501281738,14.53648281097412,14.106589317321776,8.759833335876465,8.905423164367676,0.1217871194530443,0.1751852086683354,0.0546065755188465,0.0452393516898155,1885.3413235917208,1840.2820964898613,1596.541054675554,984.573552843126,3291.263431513641,3040.679986102856,S002,depression_disease_002.wav,1,DEPRESSION
depression,154.36092564710174,54.63444444210289,140.9494931391844,102.08456119069449,232.97550689710764,-388.4910888671875,97.3710708618164,-5.965962886810303,18.395395278930664,-1.6095153093338013,9.59521770477295,-11.070508003234863,4.622238636016846,-11.615659713745115,2.7793185710906982,-5.624398231506348,-8.34978199005127,-0.7587225437164307,159.05667114257812,85.13130187988281,27.66514015197754,30.3346004486084,25.479175567626957,23.49207305908203,16.71363639831543,13.724267959594728,14.326336860656738,10.420021057128906,9.08939266204834,10.904306411743164,9.034994125366213,0.0811645381836945,0.1304685491514593,0.052939299494028,0.0427639372646808,1460.207409286633,1454.7519352108357,1359.911966208035,912.3408909637958,2586.162139609133,2504.3265446784494,S003,depression_disease_003.wav,1,DEPRESSION
depression,172.8786293715248,80.389200093364,149.33078614961454,106.20450446067149,460.5991099332276,-356.2012939453125,102.2715301513672,-4.100489616394043,20.09141540527344,-3.479524612426758,13.260151863098145,-11.265765190124512,5.396659851074219,-13.95634651184082,4.054252624511719,-9.84939956665039,-6.960152626037598,-1.8955425024032595,143.60443115234375,82.70950317382812,29.902427673339844,31.127315521240234,27.446165084838867,24.6700496673584,17.680143356323242,16.252531051635742,14.947129249572754,12.413214683532717,10.778907775878906,10.949381828308104,8.48713207244873,0.1096803135581264,0.1529473648707055,0.0560111105442047,0.0356562696397304,1890.0502812536588,1632.3718087126672,1639.119224014479,800.1876962445139,3244.3926464623305,2645.549298219013,S004,depression_disease_004.wav,1,DEPRESSION
depression,186.23283022240264,75.46867943559836,169.56576906952336,117.84127594565436,277.05613042340593,-358.41571044921875,99.37537384033205,-3.241234540939331,18.371702194213867,-1.5091915130615234,1.5691970586776731,-9.029863357543944,2.2970187664031982,-13.789554595947266,3.6998541355133057,-15.95066261291504,1.4447450637817385,-9.247295379638672,159.97679138183594,80.3045883178711,29.335187911987305,30.3227596282959,23.403425216674805,21.29255485534668,16.005382537841797,14.76987361907959,13.992000579833984,13.959776878356934,13.951902389526367,9.06208324432373,9.397640228271484,0.097524227618679,0.1438974632363204,0.0552304536104202,0.0362864360213279,1736.5294339328373,1601.549226575552,1604.5666787502273,912.8206117021022,3093.692403976393,2753.5455848356983,S005,depression_disease_005.wav,1,DEPRESSION
depression,146.86164667472315,32.34330851752674,140.9494931391844,101.9959327265776,203.9918654531552,-402.62548828125,89.77045440673828,-4.353040218353272,22.686992645263672,-1.9994219541549685,9.73738956451416,-10.177142143249512,6.538931369781494,-10.449356079101562,1.6922481060028076,-6.099642276763916,-6.485833644866943,-0.9887493252754213,167.1533203125,81.94467163085938,30.79094123840332,30.30975151062012,26.113513946533203,24.14449119567871,15.836019515991213,14.248624801635742,15.299094200134276,10.468886375427246,9.609606742858888,9.467670440673828,8.67317008972168,0.0849076194324712,0.1335988745516469,0.0453869923949241,0.0371412560343742,1420.9117162200423,1437.632501092819,1354.4096755595947,926.2113614713556,2526.1974255792024,2494.375393516168,S006,depression_disease_006.wav,1,DEPRESSION
depression,195.03064054179333,111.14598946001924,151.06592630451914,111.5495200902506,460.5991099332276,-426.1919250488281,69.28924560546875,-4.299615383148193,20.69607925415039,1.404679536819458,9.2045259475708,-10.454906463623049,5.195432662963867,-9.17301082611084,1.5606106519699097,-7.731764316558838,-4.717814922332764,-1.9858582019805908,163.68128967285156,80.34229278564453,27.35342788696289,28.86917304992676,25.561901092529297,20.96134376525879,15.478201866149902,12.796082496643066,12.290108680725098,11.064696311950684,10.93148136138916,8.695130348205566,7.101375579833984,0.0756321957236842,0.1345981361638125,0.0438556894659996,0.0434272848069667,1380.8101394181929,1593.6734865738945,1214.5801320018816,975.1863696900142,2394.591075790925,2630.976836966482,S007,depression_disease_007.wav,1,DEPRESSION
depression,159.9138258387504,64.01613020561761,141.7660052464835,105.5928115263106,237.0478470251364,-381.3492431640625,102.74686431884766,0.356322318315506,16.90363311767578,0.7852115631103516,11.457103729248049,-11.169526100158691,3.672438859939575,-13.676101684570312,0.9289488792419434,-9.626568794250488,-8.336908340454102,-2.014228582382202,148.6968231201172,80.07009887695312,25.47231101989746,25.7553825378418,26.10495376586914,22.98456573486328,16.97092056274414,13.273014068603516,14.82648754119873,11.167141914367676,11.70762062072754,10.91667366027832,8.770997047424316,0.0810582148155314,0.1376054902843981,0.0587045066058635,0.0428868941962718,1481.4534029485797,1486.0855303623453,1447.2149243896797,884.3625978498226,2608.9231130877515,2564.922667008682,S008,depression_disease_008.wav,1,DEPRESSION
depression,167.03530855786613,35.66665955095252,155.49249582586248,128.5068226458765,239.8022103323442,-406.9546203613281,81.6069107055664,0.2611539959907532,14.44951057434082,1.880653023719788,2.9215850830078125,-10.84302806854248,0.5634637475013733,-11.352742195129396,2.5423743724823,-14.37560749053955,0.7879433035850525,-7.946649074554443,168.90528869628906,82.18121337890625,24.676179885864254,23.66033172607422,21.39369201660156,20.841896057128903,15.07909107208252,15.717314720153809,13.453447341918944,14.086386680603027,14.661038398742676,8.45250129699707,9.901058197021484,0.0901997118377243,0.1640833819172718,0.0484256967902183,0.0393484942615032,1593.4337712278646,1793.233569179923,1411.12299013613,1007.4407214555944,2755.152766719745,2896.7819843439925,S009,depression_disease_009.wav,1,DEPRESSION
depression,180.19466377516147,97.92866315269616,147.61557577921403,108.68691707750622,460.5991099332276,-381.8118591308594,100.46232604980467,-2.3775923252105717,21.595273971557617,1.8512425422668457,8.547085762023926,-13.686559677124023,4.414181232452393,-13.314115524291992,2.056102752685547,-10.487930297851562,-6.282594680786133,-2.083859920501709,148.5772705078125,79.09414672851562,28.716747283935547,28.830883026123047,27.237836837768555,24.025310516357425,18.3061580657959,14.94909954071045,14.591547966003418,11.889694213867188,11.30928897857666,9.415377616882324,8.485048294067383,0.0948767253611971,0.1508829124273777,0.0527589991688728,0.0368412286043167,1569.2722651026545,1587.7795548830634,1444.4569969503625,891.0220680088536,2736.21678780476,2660.445882139325,S010,depression_disease_010.wav,1,DEPRESSION
depression,180.40598283794583,76.21919745618507,156.39325469067515,122.35131771141135,351.09098600372937,-374.2163391113281,104.34146118164062,-1.4074630737304688,16.27247428894043,1.971596956253052,4.18578052520752,-9.341270446777344,0.9948129057884216,-16.10012435913086,2.0330162048339844,-15.900399208068848,-2.353123426437378,-8.397132873535156,153.09378051757812,79.4011459350586,29.833589553833008,26.841890335083008,21.77494239807129,19.294408798217773,14.316625595092772,14.210731506347656,15.353228569030762,13.814594268798828,13.504657745361328,9.559828758239746,9.733826637268066,0.0754982311320754,0.1184244309201641,0.0572393350303173,0.0392745621502399,1555.0073149109394,1389.9172895348374,1608.3036775497558,899.588947685512,2878.4692106426887,2713.577149285028,S011,depression_disease_011.wav,1,DEPRESSION
depression,167.406147659914,36.67031971147718,167.61814009714527,113.82716948276509,234.3251202788159,-400.2886962890625,79.98026275634766,-3.825653791427612,15.54840087890625,-2.8877112865448,7.292707920074463,-10.725455284118652,3.4793474674224854,-10.273770332336426,3.553345203399658,-13.691654205322266,-0.4377560317516327,-6.159627437591553,168.59498596191406,82.35830688476562,27.786285400390625,26.189565658569336,23.829893112182617,21.638427734375,16.484310150146484,15.339171409606934,12.402016639709473,13.446809768676758,13.830320358276367,8.8507080078125,9.103374481201172,0.09840933186597,0.1575624539934979,0.046907439827919,0.0404483303427696,1645.908482155358,1727.6710700975525,1411.5161099700374,978.5776424418176,2833.093979779412,2788.761308581386,S012,depression_disease_012.wav,1,DEPRESSION
depression,169.66371175095225,60.83104247131772,152.82122781686914,111.22735333873828,251.7253891922507,-415.6200256347656,85.11100006103516,1.5653122663497925,18.042600631713867,-0.3362880349159241,4.444912433624268,-9.448182106018066,4.636337757110596,-11.540350914001465,1.3272861242294312,-12.992411613464355,-3.736738681793213,-5.037687301635742,157.07447814941406,80.38874816894531,24.126508712768555,25.79912757873535,25.42293930053711,22.18445205688477,15.634117126464844,13.455643653869627,13.315975189208984,12.42652988433838,13.469079971313477,9.59567642211914,7.525689125061035,0.089443852807468,0.1482872132021521,0.0469871573150157,0.0411519780755043,1438.9492418103555,1625.2125825746978,1335.3961138285335,1011.49640329584,2545.826008662722,2841.1103051775995,S013,depression_disease_013.wav,1,DEPRESSION
depression,168.7633238114468,85.11106720800085,148.4707041104003,102.5867891540234,479.6044206646884,-425.4280090332031,80.7817153930664,-4.7362895011901855,16.76224136352539,3.512228488922119,9.062676429748535,-9.770182609558104,2.6502432823181152,-10.456083297729492,1.992157220840454,-6.710718154907227,-6.910604000091553,-1.9114561080932615,161.23731994628906,81.81713104248047,25.91185760498047,29.08462142944336,23.5400447845459,19.02803421020508,16.1062068939209,13.58031177520752,14.718555450439451,9.991561889648438,9.725970268249512,10.411972045898438,7.390112400054932,0.0667987734062321,0.1204367438249887,0.0434613153338432,0.0419110655784606,1258.7546704172062,1403.9095858869937,1220.6785410032408,991.172344895882,2318.4512941546955,2550.6954923720177,S014,depression_disease_014.wav,1,DEPRESSION
depression,174.2053740873616,89.53974768408959,145.07962854192905,107.43854136004752,439.7991928883532,-424.2752685546875,91.45361328125,-1.2943994998931885,15.628767013549805,3.5258495807647705,5.426659107208252,-7.746462821960449,1.9442805051803589,-10.39234733581543,1.5968844890594482,-9.15188217163086,-5.206235885620117,-2.463533401489258,161.4492645263672,81.46691131591797,24.133167266845703,25.907094955444336,22.35059928894043,17.659666061401367,14.411280632019045,11.139923095703123,14.037141799926758,9.924005508422852,11.339444160461426,9.801031112670898,7.759868621826172,0.0483234669278895,0.0954204108697722,0.0467268526554107,0.0424090735614299,1080.7779998455926,1202.1950943247516,1197.0855094246324,969.6526365951848,2016.7544716282891,2371.706552349663,S015,depression_disease_015.wav,1,DEPRESSION
depression,159.965637041724,59.54709398686435,147.61557577921403,103.77879022636448,234.3251202788159,-387.3323059082031,96.26006317138672,-4.292459011077881,18.441286087036133,-3.434382200241089,8.583719253540039,-9.776535034179688,5.608006000518799,-12.210686683654783,1.31688392162323,-7.278655529022217,-7.110753059387207,-1.4766584634780884,149.2157745361328,82.76072692871094,27.41133689880371,28.587121963500977,26.830612182617188,23.713134765625,15.87696361541748,12.96567726135254,13.33847999572754,10.753299713134766,10.12290382385254,10.629273414611816,8.40847396850586,0.0870671953473772,0.1411874455298515,0.052139014005661,0.0407194383442401,1462.9446943978244,1511.5401720094376,1349.3788505719276,899.652511809544,2512.5895500183105,2596.2668704793123,S016,depression_disease_016.wav,1,DEPRESSION
depression,187.04555509497592,76.66503499378068,162.84637702113662,116.48775344855382,400.97481460606457,-409.1369018554688,82.8352279663086,-1.1061233282089231,13.11143970489502,-1.802932977676392,2.578541040420532,-6.496488571166992,0.3038569688796997,-11.124340057373049,1.6907131671905518,-12.94083309173584,0.0544908680021762,-6.258223533630371,171.8217315673828,82.8184814453125,26.97739601135254,26.190200805664062,20.32169914245605,19.812501907348636,14.366191864013672,13.135749816894531,14.174728393554688,12.099109649658203,14.397531509399414,8.826286315917969,9.598041534423828,0.0761416359395371,0.1331658031633715,0.0478575453162193,0.0435813218355178,1424.4882096948058,1545.242048054164,1356.2080086588976,1037.7822918318316,2570.150625534754,2800.5121888332537,S017,depression_disease_017.wav,1,DEPRESSION
depression,187.31991987898263,82.21030250825223,161.90845090664698,119.9011051661721,424.818017842686,-429.26416015625,72.18045043945312,-0.454456478357315,8.984249114990234,-3.7127082347869873,6.428913593292236,-7.882331848144531,0.4973606169223785,-8.847185134887695,3.405768394470215,-11.52298641204834,0.7731718420982361,-6.349853515625,188.3141021728516,85.19048309326172,26.742475509643555,23.899259567260746,21.87069129943848,19.23374557495117,15.009830474853516,14.911380767822266,13.01136589050293,12.517237663269045,13.63232421875,8.2017822265625,9.955291748046877,0.0938321333185901,0.1578969186516121,0.0391740053892135,0.0376943610608577,1510.531950315911,1798.2112681940534,1272.063393054273,1081.690999631952,2612.550741911064,2980.028427227015,S018,depression_disease_018.wav,1,DEPRESSION
depression,149.62497924344376,29.82608932932396,147.61557577921403,102.67593103760984,203.9918654531552,-406.9347229003906,86.6436996459961,0.3751092255115509,17.0432186126709,-1.233656644821167,6.841536045074463,-7.7385454177856445,4.155737400054932,-8.888392448425293,0.7945008277893066,-5.886731147766113,-6.774096488952637,-2.097075939178467,157.39222717285156,81.81991577148438,27.065778732299805,25.272388458251957,25.00093460083008,23.23718643188477,14.29881763458252,12.424561500549316,12.951679229736328,9.40429973602295,9.810574531555176,9.600102424621582,7.758579254150391,0.0673530429957573,0.1248165459690511,0.0473553352057933,0.0431138537824153,1225.1160150972885,1394.9825816521277,1213.7851246202315,957.6728857807736,2179.92890919626,2443.099585860972,S019,depression_disease_019.wav,1,DEPRESSION
depression,160.8084346195962,35.92830791147211,151.06592630451914,114.4865635674993,231.2345857792645,-376.5570983886719,90.1990203857422,-2.144432306289673,15.65658950805664,0.624660849571228,5.795962333679199,-10.124956130981444,1.2327100038528442,-12.946301460266112,3.14748764038086,-14.578753471374512,-0.8777740597724915,-6.859404563903809,164.96249389648438,83.66243743896484,27.33049201965332,26.834705352783203,22.127710342407227,21.23118782043457,16.17433738708496,15.67843532562256,13.994053840637209,14.05100917816162,13.907326698303224,8.651627540588379,8.872702598571777,0.0901309742647058,0.1431399748880304,0.0558040365576744,0.0436585582792758,1620.5077566633142,1677.4349868934032,1462.7467802945844,975.874778744826,2851.5208524816176,2860.1005397081144,S020,depression_disease_020.wav,1,DEPRESSION
depression,176.40952669454416,74.10876183645703,160.04877373483913,110.58673092361124,399.6089471866465,-412.34619140625,87.61195373535156,-4.854772567749023,13.648457527160645,0.1262163519859314,5.283925533294678,-9.237064361572266,1.728947401046753,-10.960304260253906,3.797653436660767,-11.331198692321776,-1.6537433862686155,-4.474624156951904,172.29763793945312,81.35021209716797,27.54692649841309,26.78350067138672,23.05768394470215,20.041534423828125,15.74595832824707,14.671225547790527,14.229253768920898,12.37888240814209,12.879454612731934,8.340496063232422,8.189367294311523,0.0754762379869711,0.1346671845663469,0.0459639690816402,0.040248516947031,1370.2813377780008,1438.1285460570095,1341.0037178594807,977.1398919665957,2464.3795426785023,2584.8468881872127,S021,depression_disease_021.wav,1,DEPRESSION
depression,162.526000173407,58.60574458096656,143.41324688128702,113.82716948276509,237.0478470251364,-384.3635559082031,93.1239013671875,0.0332502610981464,19.59318733215332,0.9887709617614746,9.109100341796877,-12.866101264953612,3.389544725418091,-11.740233421325684,3.737255096435547,-11.391225814819336,-4.457966327667236,-3.448802947998047,164.1375732421875,77.98096466064453,24.765329360961918,26.26645851135254,22.04365348815918,21.27217102050781,16.655338287353516,14.008641242980955,14.324788093566896,12.269296646118164,12.025859832763672,9.903273582458496,8.791762351989746,0.0739605848842321,0.1216291653070093,0.0544726252555847,0.0423025004565715,1459.7225235490416,1476.5494853329358,1442.513008182906,949.7063103285352,2653.8536867810303,2603.382774121062,S022,depression_disease_022.wav,1,DEPRESSION
depression,147.83294305671535,32.64539172928132,144.24403136881983,103.18106837793296,216.1218529971248,-419.9376831054688,91.6156768798828,-1.1385234594345093,15.626324653625488,-2.617856740951538,8.793051719665527,-8.761635780334473,4.651542663574219,-10.244810104370115,1.6298545598983765,-5.84477424621582,-7.891966342926025,-1.0772032737731934,165.10989379882812,84.7525863647461,26.62263298034668,25.94114875793457,22.57625389099121,21.893043518066406,15.054817199707031,11.49470329284668,13.583734512329102,10.32663345336914,9.053232192993164,10.653057098388672,9.294482231140137,0.0639031157281991,0.1115138878503022,0.04637997969985,0.0409979671239852,1264.6822293211385,1432.9607905782636,1225.711397433079,946.6922124145832,2223.725442325368,2501.771852239898,S023,depression_disease_023.wav,1,DEPRESSION
depression,148.46431131546746,35.11710586295121,139.33055012971812,106.2660281042196,222.45470667747657,-402.1587219238281,93.80517578125,-4.468382358551025,17.10651206970215,-4.838790416717529,8.262675285339355,-9.843597412109377,4.958352565765381,-10.09934425354004,1.921792268753052,-4.674887657165527,-6.653589725494385,-0.5583394169807434,166.70428466796875,85.51953125,29.98066520690918,27.5114688873291,26.776126861572266,25.80631828308105,15.33823299407959,12.894877433776855,14.140607833862305,10.571308135986328,9.668639183044434,9.870037078857422,9.743034362792969,0.0778473498774509,0.1304418413795942,0.0502680242061615,0.0416904650628566,1378.7859741184525,1454.15325699013,1299.428550612451,943.9443919342684,2416.052057130418,2510.167915240791,S024,depression_disease_024.wav,1,DEPRESSION
depression,157.7717750451878,36.07772620472908,150.19585059339548,110.58673092361124,231.63366671648825,-386.89642333984375,88.43460083007812,-0.5340251326560974,20.32417297363281,-3.316426515579224,6.764750003814697,-10.35107135772705,5.66628360748291,-11.756949424743652,2.426316499710083,-11.790653228759766,-3.386300563812256,-3.998460054397583,162.10874938964844,79.06339263916016,26.843435287475582,26.13756561279297,25.976003646850582,23.377405166625977,15.60006046295166,12.795777320861816,13.329971313476562,11.559271812438965,12.632596969604492,9.215803146362305,8.425804138183594,0.0865522607069143,0.1390190645803442,0.0538717731833457,0.0432760380208492,1596.8597190771325,1527.4216544547087,1512.162257788118,947.7799398554184,2873.9159551567336,2696.1701038695164,S025,depression_disease_025.wav,1,DEPRESSION
depression,209.3402695223796,44.70789336869763,203.9918654531552,148.4707041104003,294.8060499812196,-317.30224609375,97.00376892089844,-8.376978874206543,6.1201252937316895,-3.9859461784362793,-11.183475494384766,-7.025591373443604,-11.908438682556152,-8.526726722717285,-12.538323402404783,-4.490444183349609,-5.311923503875732,-7.919089794158935,130.94143676757812,68.4903793334961,36.27227020263672,27.85618019104004,19.31192970275879,20.0153751373291,12.731268882751465,13.64265251159668,14.069751739501951,12.132314682006836,9.703591346740724,10.093008041381836,10.46812915802002,0.0999958680018059,0.1501734768841716,0.0884802788496017,0.0706014111638069,1862.5495290086951,1624.5926201217862,1863.607457938259,1060.1028187468655,3517.1176213598105,3162.2121438513905,S026,depression_healthy_001.wav,0,HC
depression,214.314812151062,44.73224895056318,208.75994928447787,156.39325469067515,303.18503351644813,-323.2001953125,91.86412048339844,-2.2409451007843018,5.696725368499756,-4.018407821655273,-10.96458911895752,-7.169672966003418,-13.420049667358398,-11.117609024047852,-12.299983978271484,-6.105067253112793,-3.0103213787078857,-4.71722412109375,126.07697296142578,69.89147186279297,40.48572540283203,28.21177864074707,22.4116153717041,19.14274787902832,13.855948448181152,14.392399787902832,13.398590087890623,12.24851417541504,9.264363288879396,10.987726211547852,10.78964900970459,0.1185855767060113,0.1623469133351622,0.0842991694808006,0.0643545389175415,2046.257168883017,1913.7636939658144,1886.4116559890256,1087.6953192560625,3690.116575258804,3331.3103230465867,S027,depression_healthy_002.wav,0,HC
depression,214.21791336450644,52.53763242255538,201.6488190383855,149.33078614961454,303.8820846259238,-338.1915588378906,87.5068359375,-3.755494594573975,7.625277519226074,-1.436995029449463,-10.95460605621338,-6.455893516540527,-10.585268020629885,-10.682068824768066,-12.042234420776367,-3.65437388420105,-3.761627197265625,-6.046831607818604,134.3036651611328,68.30831909179688,39.97496795654297,28.77709579467773,18.69825553894043,20.468753814697266,12.593204498291016,13.321782112121582,14.695453643798828,13.109479904174805,8.91905689239502,10.799619674682615,10.006430625915527,0.1087383077412145,0.1592507103455268,0.0797455161809921,0.0693242400884628,1984.477309779249,1833.7207408114305,1883.205584648004,1086.417816054509,3652.0485084242064,3281.711248565104,S028,depression_healthy_003.wav,0,HC
depression,203.82987327264425,43.516473056026406,197.04315364635173,144.24403136881983,293.5307452495941,-315.4280090332031,97.31725311279295,-5.658068656921387,9.372366905212402,-3.336244583129883,-14.177504539489746,-6.469527244567871,-12.513272285461426,-10.767267227172852,-13.772747039794922,-7.651695728302002,-4.363945960998535,-8.288991928100586,124.61056518554688,64.18678283691406,41.16465759277344,29.16061782836914,20.45784568786621,19.429340362548828,14.065890312194824,13.57221508026123,13.37013339996338,12.63150119781494,9.41338348388672,8.481822967529297,10.504227638244627,0.0992271723185043,0.1445255580223552,0.0853756889700889,0.061032984405756,1799.6608872389334,1563.706081512883,1867.7030999467804,984.4196188435805,3368.935450924536,2992.4494126676027,S029,depression_healthy_004.wav,0,HC
depression,189.02372313213627,44.10452300958576,182.78887791090543,132.2723599733492,283.532010492967,-333.1171569824219,94.35340881347656,-5.7624831199646,8.681449890136719,1.0237232446670532,-5.781316757202148,-7.852524280548096,-12.057096481323242,-8.287296295166016,-8.532915115356445,-13.94680881500244,0.290459930896759,-10.488635063171388,142.13731384277344,77.30575561523438,34.23890686035156,30.76498413085937,21.76549530029297,18.211042404174805,15.13223934173584,14.68655014038086,12.54572868347168,11.366962432861328,13.031341552734377,8.392988204956055,11.420759201049805,0.1010083501160568,0.1370617023445904,0.0878450870513916,0.0740228965878486,1876.8829773302175,1554.2875757312474,1813.6679309986405,1005.2511162456044,3549.6385758721326,3029.682865254423,S030,depression_healthy_005.wav,0,HC
depression,210.927826078052,78.30116272168708,192.54268179725332,142.58724736030138,439.7991928883532,-314.40057373046875,95.68148803710938,-4.3740339279174805,6.095504283905029,0.230759859085083,-6.402313709259033,-7.147995471954346,-10.105502128601074,-8.11648178100586,-7.46605110168457,-13.12852668762207,0.9118300080299376,-9.789165496826172,133.86737060546875,83.59290313720703,38.04817199707031,30.46388435363769,19.75122833251953,18.99376106262207,13.784351348876951,15.787857055664062,12.534453392028809,12.021509170532228,12.031288146972656,8.7787446975708,13.640483856201172,0.1310642984657805,0.1752868152740896,0.0925385504961013,0.071516714990139,2171.449895216615,1935.340297652796,1856.333962525168,973.0755318304894,3803.405526968149,3242.0168171299265,S031,depression_healthy_006.wav,0,HC
depression,191.53550779825215,38.21410325751944,183.8477631085024,141.7660052464835,275.4604045334168,-310.9044189453125,93.15910339355467,1.505126953125,4.205014705657959,-3.353567123413086,-6.222992897033691,-6.690828800201416,-12.109338760375977,-11.062338829040527,-8.44491958618164,-13.446959495544434,-2.428358793258667,-7.224607944488525,122.13423919677734,77.03185272216797,38.84536361694336,27.62449073791504,25.23362922668457,17.624351501464844,15.057812690734863,15.69965362548828,12.532861709594728,12.343667030334473,11.311185836791992,8.47392749786377,10.699392318725586,0.1100091609423374,0.1624902048393088,0.1053264290094375,0.0816181898117065,1942.2656043527788,1853.930911961473,1755.8854784619082,987.1937297536005,3397.77389857053,3172.9134481580195,S032,depression_healthy_007.wav,0,HC
depression,222.54656206877647,67.16344196600438,212.40900892134297,145.9200662802185,335.23628019429054,-313.5839233398437,98.33210754394533,-9.25319766998291,4.0939788818359375,-2.2095425128936768,-10.438957214355469,-9.518497467041016,-14.079816818237305,-8.44682788848877,-13.065863609313965,-6.031158447265625,-3.435816764831543,-6.074455738067627,120.3547134399414,69.86767578125,39.79478454589844,31.209369659423828,19.27542495727539,18.874975204467773,14.657848358154297,15.469409942626951,15.244771003723145,13.16178035736084,9.081794738769531,10.261855125427246,11.378551483154297,0.1345688511835655,0.1840004987441143,0.0878917127847671,0.0681284964084625,2028.434430548968,1868.5567588599708,1862.8355422157688,1032.203921228293,3612.083713779508,3253.2929782982496,S033,depression_healthy_008.wav,0,HC
depression,197.162545794648,41.66328006579349,197.04315364635173,134.5844400993791,277.05613042340593,-311.0471496582031,85.40522766113281,-1.0232727527618408,6.211497783660889,1.517625093460083,-4.997382640838623,-8.597095489501953,-10.29607391357422,-10.311321258544922,-7.938381195068359,-11.500322341918944,-0.6458528637886047,-10.148791313171388,113.02265167236328,76.85587310791016,34.74983596801758,29.85755729675293,20.284618377685547,18.101730346679688,14.31265354156494,16.46281623840332,11.893627166748049,13.765497207641602,12.473419189453123,9.517882347106934,12.997425079345703,0.1448987615344368,0.1827288797946696,0.0858819782733917,0.0686637461185455,2270.1849107120597,2023.19412698068,1892.522313002703,959.3182098151556,3941.149735124144,3276.4007209641245,S034,depression_healthy_009.wav,0,HC
depression,229.15224821576973,91.25049070347234,197.04315364635173,142.58724736030138,432.2437059942496,-339.2203674316406,88.35631561279297,0.150851622223854,7.2037224769592285,-0.1063738241791725,-7.893243789672852,-5.359315872192383,-9.706205368041992,-8.895495414733887,-8.696219444274902,-9.88417625427246,-1.6039129495620728,-9.149561882019045,138.6226043701172,76.73118591308594,34.5662727355957,30.92459297180176,21.6597843170166,17.820690155029297,14.515254974365234,14.475743293762209,13.320941925048828,11.394346237182615,11.03148365020752,8.501178741455078,12.90445327758789,0.110840819661892,0.1545918419182285,0.0788818597793579,0.0655608251690864,2071.1830868874013,1881.5939759971625,1889.2970472056463,1102.369589900117,3800.54579499084,3415.031973602637,S035,depression_healthy_010.wav,0,HC
depression,204.33028108608823,57.30016781462177,193.6580702059513,136.14823596668148,285.17449472060275,-309.7367553710937,89.21207427978516,-4.019409656524658,11.332414627075195,1.9135231971740725,-8.957029342651367,-8.362991333007812,-9.514811515808104,-9.833965301513672,-10.056509017944336,-12.869733810424805,-0.2163525968790054,-9.306828498840332,127.81529998779295,76.15160369873047,32.96910095214844,27.578060150146484,21.57511138916016,20.66646194458008,13.883271217346191,14.399131774902344,12.380322456359863,12.220579147338867,12.120821952819824,7.992982387542725,12.29246425628662,0.1256038308622918,0.1616273076047162,0.1005691513419151,0.0809950679540634,2133.0175415960675,1840.1863997129672,1904.9217510274168,962.6494323549706,3876.817606619759,3178.929762666593,S036,depression_healthy_011.wav,0,HC
depression,217.83762194285876,61.94969758318874,199.33268480704808,154.95515330055724,318.2539212592103,-310.45465087890625,94.29579162597656,-6.425280570983887,1.774160385131836,-2.824150800704956,-10.365755081176758,-7.985437870025635,-14.230724334716797,-8.996316909790039,-10.793025016784668,-6.162170886993408,-4.077845096588135,-5.096277713775635,123.8742218017578,74.52743530273438,42.0952033996582,30.035249710083008,19.07147789001465,19.458749771118164,15.18266487121582,15.158297538757324,14.022887229919434,11.410640716552734,10.105183601379396,10.418667793273926,11.136771202087402,0.1284973333494582,0.1764916588617685,0.0859605818986892,0.0658895373344421,2129.484480065328,1962.5953126308868,1902.9431914001184,1048.3709667192022,3787.1048776726975,3338.239381423594,S037,depression_healthy_012.wav,0,HC
depression,194.53966323969132,46.96494424085285,185.9839712165836,135.36407982952483,293.5307452495941,-323.47052001953125,90.68678283691406,-2.391305923461914,4.6967387199401855,-1.8807827234268188,-5.943638324737549,-6.694641590118408,-10.62204647064209,-8.023188591003418,-8.171395301818848,-12.496639251708984,-1.2319790124893188,-7.728377342224121,134.85888671875,79.05014038085938,39.8448371887207,27.975215911865234,24.60889434814453,17.759536743164062,15.572325706481934,14.719205856323242,13.28126621246338,12.847498893737791,11.637064933776855,8.46564769744873,12.370050430297852,0.1332692873613261,0.176549617574146,0.0861989334225654,0.0718943104147911,2099.916427273886,1851.2365846650564,1860.449039029479,1015.1528287516736,3758.549494787636,3228.97285559717,S038,depression_healthy_013.wav,0,HC
depression,216.0387380082548,72.56222017062437,201.6488190383855,144.24403136881983,329.4771215546362,-316.2323608398437,82.11661529541016,-2.256755352020264,2.537796258926392,-1.0889307260513306,-5.772684097290039,-6.132987022399902,-10.959640502929688,-7.525478839874268,-9.62698745727539,-9.135437965393066,-0.7422431707382202,-6.743557453155518,128.3854522705078,81.66443634033203,39.98685073852539,31.15225982666016,22.30000877380371,18.011653900146484,14.175371170043944,14.945405006408691,13.138113021850586,12.14571475982666,9.718448638916016,10.73844051361084,12.604244232177734,0.1492122496613777,0.1905829167626546,0.0846934542059898,0.0704853907227516,2472.316753911653,2141.260646289329,2023.97665877345,1081.0305525710748,4327.068279254548,3582.8346141046804,S039,depression_healthy_014.wav,0,HC
depression,201.7498678296988,53.42024928303123,184.9127823656466,137.73020226670835,288.48806273763967,-320.74468994140625,104.6112060546875,1.756982445716858,8.645570755004883,-0.1090210825204849,-11.1793212890625,-7.579308032989502,-11.437204360961914,-9.425869941711426,-12.70404052734375,-11.46331024169922,-1.9432101249694824,-9.031627655029297,118.78836822509766,69.55641174316406,37.06850051879883,30.85596466064453,24.33017921447754,19.807897567749023,16.387937545776367,14.476363182067873,14.714982986450195,11.607381820678713,10.96071434020996,8.931770324707031,11.26866340637207,0.0933052407661782,0.1345932503663359,0.0908048674464225,0.0701089799404144,1834.8718770240032,1691.6874357474155,1816.097038549051,982.9084118505684,3327.386005108173,3115.938319740863,S040,depression_healthy_015.wav,0,HC
depression,226.3864141898656,61.2173824473489,220.53652914569955,154.73126058168003,336.88698360701653,-310.6945495605469,91.75238037109376,-9.346165657043455,9.39065647125244,-2.150697469711304,-13.591774940490724,-8.958450317382812,-12.269123077392578,-6.461328029632568,-13.49972152709961,-3.5167880058288574,-3.743120193481445,-3.818845748901367,132.41558837890625,69.73375701904297,41.52683639526367,28.62520408630371,20.29519462585449,20.09828186035156,14.861331939697266,13.825146675109863,15.294171333312988,12.32013702392578,9.177115440368652,11.14085578918457,9.930645942687988,0.120961727618679,0.1481735464000843,0.0892202332615852,0.0667020976543426,2118.215613907208,1765.644932391875,1977.999642515612,1012.8984077874596,3907.354150541796,3173.5644090707256,S041,depression_healthy_016.wav,0,HC
depression,197.09059153756016,44.44181753621823,191.43371755306836,135.36407982952483,293.5307452495941,-290.31121826171875,82.83252716064453,3.157329559326172,6.056635856628418,3.6009087562561035,-8.985045433044434,-9.525032043457031,-10.598249435424805,-8.877704620361328,-11.825331687927246,-10.37627124786377,-0.5898793935775757,-7.250260829925537,118.3537368774414,79.80461120605469,37.29374313354492,27.688182830810547,19.81141662597656,19.42756462097168,13.772488594055176,16.0675048828125,13.029093742370604,13.584843635559082,10.688482284545898,9.551350593566896,12.287145614624023,0.1537556840170278,0.2033809958176105,0.1117253005504608,0.0850752517580986,2469.726000491351,2318.286963604105,1945.6789864433792,1020.7779037460772,4160.152621904025,3582.7552991290136,S042,depression_healthy_017.wav,0,HC
depression,203.68019643641165,53.10226772743859,189.2349137694844,145.07962854192905,295.5732028909027,-317.918701171875,80.49884796142578,0.5677356719970703,8.772685050964355,0.6704534888267517,-9.768460273742676,-7.900119304656982,-8.391435623168945,-8.525543212890625,-10.444552421569824,-9.881963729858398,-1.28208327293396,-7.035516738891602,127.5191879272461,73.71944427490234,36.055267333984375,26.50420570373535,22.388442993164062,19.08436393737793,14.194429397583008,13.2317476272583,12.423274040222168,12.042452812194824,10.176384925842283,8.257176399230957,11.495145797729492,0.1269719489266939,0.1745363431303026,0.0870162397623062,0.0740125700831413,2273.8110514142736,1987.299116840277,2004.4444759625155,1061.1272359148284,4122.092772867078,3402.782529437981,S043,depression_healthy_018.wav,0,HC
depression,229.4454488979401,77.01882987769598,216.1218529971248,152.82122781686914,479.6044206646884,-302.3164367675781,89.71260833740234,-4.333401679992676,4.242825984954834,-3.92031455039978,-8.808446884155273,-6.835938453674316,-14.274709701538086,-8.882657051086426,-13.175623893737791,-8.066919326782227,-4.185501575469971,-4.449648857116699,124.09236145019533,72.48698425292969,40.0734977722168,30.613019943237305,23.94056510925293,17.095922470092773,14.901164054870604,16.628995895385742,13.35498332977295,12.289224624633787,9.750381469726562,9.898216247558594,8.989837646484375,0.1522447332140092,0.2005162509114654,0.0958604663610458,0.0699700787663459,2118.3597155784696,1988.0909820313896,1884.4367707819945,1086.245090565014,3733.827422056405,3491.792966861338,S044,depression_healthy_019.wav,0,HC
depression,207.3183755931373,60.47614361950519,194.77991999396855,140.9494931391844,367.6955262170047,-305.4426574707031,93.95225524902344,0.4481391310691833,13.397263526916504,-1.1747466325759888,-12.478269577026367,-7.210212707519531,-9.890670776367188,-12.281322479248049,-11.09913158416748,-12.750602722167969,-1.5786967277526855,-8.939682960510254,122.33255767822266,72.12818908691406,35.106056213378906,29.49765014648437,23.55036163330078,18.94022750854492,13.312697410583496,14.464969635009766,13.336797714233398,12.04221248626709,10.706029891967772,8.827836036682129,10.588594436645508,0.1082621319498194,0.15770667812992,0.1011664941906929,0.0745119303464889,1927.5588306639688,1764.4345968740083,1840.6957381700088,993.3724460085516,3535.91750767947,3131.484863747949,S045,depression_healthy_020.wav,0,HC
depression,207.6326366142497,47.31096154387198,193.6580702059513,148.4707041104003,310.9849916517249,-307.529296875,95.21660614013672,-5.542809009552002,8.843369483947754,1.222722053527832,-13.145973205566406,-11.844772338867188,-15.927165031433104,-9.173699378967283,-14.98659610748291,-7.331405162811279,-3.578960657119751,-6.678168296813965,126.74442291259766,68.73213195800781,39.09845733642578,32.46731948852539,18.816205978393555,19.654035568237305,17.084144592285156,14.863448143005373,16.41739845275879,13.610030174255373,9.188325881958008,9.331929206848145,9.753811836242676,0.1059718164506056,0.1521570973602519,0.0967162773013114,0.0723037645220756,1964.7949079197972,1740.2480584159507,1929.623595820645,1032.6468967127466,3681.289347115112,3172.89841292674,S046,depression_healthy_021.wav,0,HC
depression,222.6413276759108,55.858187202207496,214.87708272009507,150.19585059339548,302.13185260903833,-330.1291809082031,91.8493194580078,-11.34862232208252,4.961008548736572,-2.6828927993774414,-10.736686706542969,-7.828065395355225,-14.02462673187256,-7.199141502380371,-12.461943626403809,-3.662241935729981,-4.289890766143799,-5.100956439971924,136.10667419433594,75.04889678955078,36.99283981323242,30.236879348754883,18.20522117614746,19.12323570251465,13.855649948120115,15.604973793029783,12.809446334838867,12.25896453857422,9.537391662597656,11.905570030212402,10.001522064208984,0.1153520361680856,0.1527655840058071,0.076346218585968,0.0585380941629409,2023.238931498422,1806.514660738044,1855.6948989562595,1063.6935287736608,3679.599972184597,3244.7715949107896,S047,depression_healthy_022.wav,0,HC
depression,207.68286177254043,41.0807448801011,198.18461302324903,148.4707041104003,285.17449472060275,-315.89752197265625,80.79965209960938,-0.5581080317497253,6.523256778717041,-0.2558973729610443,-9.29079818725586,-9.11469841003418,-11.368831634521484,-8.396710395812988,-12.075695991516112,-7.964136600494385,-1.9842839241027832,-6.203467845916748,128.7191925048828,76.14810180664062,42.34685134887695,29.566574096679688,18.46342658996582,20.07221031188965,14.525131225585938,14.985133171081545,13.771096229553224,14.303253173828123,9.976262092590332,10.669634819030762,12.31471347808838,0.1439967330322933,0.1803301223280482,0.0830059722065925,0.0664871260523796,2408.427157342901,2104.058311854701,2010.532891665394,1067.9206516325833,4233.390018857759,3443.077245215579,S048,depression_healthy_023.wav,0,HC
depression,206.0534750050288,44.52332675528356,195.90826859169485,143.41324688128702,295.23115155842805,-320.95172119140625,87.43755340576172,0.0989825800061225,9.799562454223633,2.4028842449188232,-12.696002006530762,-8.806537628173828,-10.947993278503418,-6.614517211914063,-12.966789245605469,-8.581954956054688,-2.675647735595703,-7.14577579498291,130.6158447265625,70.8516845703125,39.51790618896485,29.666963577270508,20.01795768737793,19.25314140319824,14.749156951904297,14.708210945129396,14.515016555786133,12.64163303375244,9.208416938781738,9.468854904174805,10.97952651977539,0.1212801938209494,0.1593324154071823,0.0887686759233474,0.0715816468000412,2140.043478761378,1934.828350815102,1975.5148645429076,1097.677397505806,3936.0039773002127,3409.592140213221,S049,depression_healthy_024.wav,0,HC
depression,200.31526704309985,44.03712034338908,195.90826859169485,138.52806521170294,270.72815965904965,-334.56402587890625,90.03266906738281,-3.245431900024414,3.223423719406128,-4.456537246704102,-8.362350463867188,-6.071410179138184,-12.058771133422852,-6.747347354888916,-10.253128051757812,-8.411842346191406,-0.5617498159408569,-6.934802532196045,129.72259521484375,74.85889434814453,37.40309143066406,31.57132911682129,22.735824584960938,19.825759887695312,13.756168365478516,15.736631393432615,12.17365550994873,12.402545928955078,10.569738388061523,9.694387435913086,11.924993515014648,0.1283275183017286,0.1653400940908483,0.0820446014404296,0.0733692049980163,2040.2853713685265,1794.7909683503856,1891.0586450117853,1074.694143817189,3739.077390310565,3313.031373292816,S050,depression_healthy_025.wav,0,HC
parkinsons,169.38401651340672,79.85931431004096,169.56576906952336,65.0,372.73052518580073,-552.7260131835938,101.99032592773438,48.216739654541016,35.23981857299805,3.04775333404541,-15.917451858520508,-3.863285779953003,0.8185421228408813,-3.032015085220337,2.8187415599823,-2.563434600830078,3.401662826538086,-2.204031229019165,87.05598449707031,40.6455078125,26.86428451538086,18.6733512878418,16.012649536132812,22.14967918395996,11.074068069458008,9.344773292541504,11.73650074005127,9.558011054992676,10.827048301696776,9.010037422180176,10.699005126953123,0.0796387852529992,0.096294940345023,0.0051855356432497,0.0055886111222207,1967.73954808846,1212.9862677277808,2489.0975583407107,657.707087882726,4327.4738323577785,2586.660395689384,ID00,ID00_hc_0_0_0.wav,0,HC
parkinsons,139.29050709914102,81.2754673254206,163.31805675373505,65.0,246.82895144713495,-454.9784240722656,50.74332427978516,33.27690505981445,26.749963760375977,13.757915496826172,4.7422356605529785,-0.4670351445674896,-1.487587809562683,-2.428579092025757,-2.019047975540161,0.886070966720581,1.1085745096206665,0.1989483386278152,115.20067596435548,45.87131881713867,26.85763359069824,23.56737327575684,16.13323974609375,14.590987205505373,11.903233528137209,10.512925148010254,11.21630573272705,10.941917419433594,8.752856254577637,9.45417022705078,9.761917114257812,0.1130297398050503,0.1321348414826693,0.0111730536445975,0.0154815232381224,2646.7634582287574,1587.0954927009266,2784.2123451689504,459.680918466649,5781.981703814338,2227.471281637807,ID01,ID01_hc_0_0_0.wav,0,HC
parkinsons,127.96765085255424,91.11800575898906,110.26826457284976,65.0,442.34692369444497,-516.338623046875,96.68272399902344,28.0507755279541,30.257274627685547,13.839349746704102,-3.8338332176208496,0.7629861235618591,-2.0321407318115234,-12.294336318969728,1.2454681396484375,2.07957124710083,2.407002210617065,-1.557705998420715,93.16091918945312,51.59339141845703,29.253440856933597,23.01466941833496,17.13759422302246,15.868948936462402,11.108087539672852,12.547323226928713,14.0479097366333,9.449978828430176,10.265584945678713,8.733661651611328,9.001506805419922,0.1018691874879063,0.1009732233495135,0.0045917523093521,0.0047220750711858,2284.54535268495,1278.0801607502722,2552.147162800331,655.2834259664962,5022.369630417957,2501.8819844321765,ID03,ID03_hc_0_0_0.wav,0,HC
parkinsons,162.13473125068725,82.13496882933264,172.03287745224506,65.0,277.77836684961926,-492.587158203125,88.66398620605469,24.657602310180664,22.455760955810547,10.056204795837402,-0.7173340320587158,-5.9579949378967285,-8.592659950256348,0.3806246817111969,-1.5691808462142944,-1.767739176750183,7.176538467407227,1.3029667139053345,115.71678924560548,48.671165466308594,36.91975784301758,20.375228881835938,14.152857780456545,16.769250869750977,13.215968132019045,14.292006492614746,10.688499450683594,10.760008811950684,11.376269340515137,8.38503360748291,11.281280517578123,0.1131990509505611,0.1278683201991816,0.007266130298376,0.0072396048344671,2369.4002951632497,1554.2935367124453,2508.861799639777,614.3476057171447,4863.416424919577,2480.5355988586334,ID05,ID05_hc_0_0_0.wav,0,HC
parkinsons,174.0350330817586,76.76742814932675,180.68936857950385,65.0,277.05613042340593,-549.108642578125,91.394287109375,32.50346374511719,22.077260971069336,0.7162137627601624,-0.5770836472511292,3.6087026596069336,-5.689249038696289,-2.4929628372192383,2.161141872406006,-0.7392041683197021,4.830333709716797,-3.858339071273804,102.9334487915039,45.498046875,30.980358123779297,21.973350524902344,19.488813400268555,19.157127380371094,14.82406234741211,14.784698486328123,11.39074993133545,9.467233657836914,8.744604110717773,7.672955513000488,9.34576416015625,0.0913477091597329,0.1050417823737405,0.0055550443939864,0.0071809599176049,2182.7662450045777,1270.8614431241388,2512.4226973554546,635.9495402490661,4747.317126956148,2514.130960382886,ID08,ID08_hc_0_0_0.wav,0,HC
parkinsons,181.5916294397787,72.13276690132376,166.65273064969475,117.84127594565436,432.2437059942496,-525.0791625976562,78.70756530761719,26.5731143951416,19.227764129638672,14.466751098632812,0.6201039552688599,-2.4453001022338867,0.200450599193573,1.3146792650222778,-10.75930881500244,-1.6167672872543335,7.165143489837647,-1.9656230211257932,120.29943084716795,40.42294692993164,27.69472885131836,20.16602897644043,15.98719882965088,15.089675903320312,14.99948024749756,12.842540740966797,10.500006675720217,13.03373908996582,9.784502029418944,8.062934875488281,12.753183364868164,0.1029923855335719,0.1148433846040407,0.006267380900681,0.0074665918946266,2483.717889117671,1379.2713779158046,2761.9314392295973,563.140835357871,5412.54643773885,2467.707980509216,ID09,ID09_hc_0_0_0.wav,0,HC
parkinsons,220.00074369058615,80.30992333092158,200.48740730303228,119.9011051661721,437.2661359319316,-497.32958984375,86.63519287109375,20.17257308959961,16.742155075073242,1.9816868305206297,2.0959997177124023,0.9672659635543824,1.677691102027893,0.3460254073143005,-3.4837770462036133,-0.8660255670547485,-3.638147592544556,-3.812361001968384,106.9299087524414,44.51657104492188,29.42594146728516,24.283592224121094,17.992259979248047,13.309603691101074,13.579058647155762,12.541775703430176,11.14047145843506,12.502796173095703,8.086869239807129,8.22249984741211,10.16788387298584,0.0935094496783088,0.1141814845243561,0.0078881923109292,0.0092412270605564,2222.231871707599,1376.8991824791551,2455.0364822598062,616.779536837397,4562.026580716065,2370.5729427386614,ID10,ID10_hc_0_0_0.wav,0,HC
parkinsons,216.28292935917253,73.15928374180803,200.48740730303228,122.70366064862014,432.2437059942496,-593.0144653320312,88.4555892944336,29.411582946777344,17.65005111694336,12.603437423706056,6.028919696807861,6.186105728149414,-2.7555718421936035,-3.625503063201904,-3.484191656112671,1.6825313568115234,5.635684967041016,-1.498818278312683,109.71565246582033,45.32390213012695,28.66057586669922,21.667829513549805,14.860754013061523,15.77308750152588,12.454444885253906,13.900477409362791,10.34366226196289,11.142033576965332,9.186664581298828,7.893213272094727,11.157968521118164,0.0992306924825851,0.1249663281832389,0.0029997827950865,0.0034257147926837,2430.522576924692,1501.8857553673104,2689.0479339653352,572.5884513946373,5322.434482633514,2369.794138471144,ID11,ID11_hc_0_0_0.wav,0,HC
parkinsons,191.4888148811899,96.44740379228598,192.54268179725332,65.0,437.2661359319316,-525.410400390625,86.373291015625,18.572370529174805,22.95939826965332,6.775228977203369,2.8609580993652344,1.3924394845962524,-2.5352368354797363,1.762994647026062,-5.017759323120117,0.4539198875427246,2.660852670669556,2.0513410568237305,122.955322265625,47.84308624267578,37.07742691040039,25.451690673828125,15.803364753723145,17.428382873535156,14.210256576538086,15.753440856933594,11.295409202575684,12.708694458007812,9.535107612609863,9.033207893371582,9.88365077972412,0.1076548667884094,0.1301340699534523,0.0055868551135063,0.0063805803656578,2425.421578689901,1519.2913055986255,2526.41205926162,608.0948771553672,4999.403102626741,2354.528014359582,ID12,ID12_hc_0_0_0.wav,0,HC
parkinsons,169.13189716222874,86.11324511897449,152.82122781686914,65.0,439.7991928883532,-587.5017700195312,84.95429992675781,36.79312896728516,14.624878883361816,16.55784034729004,1.1385685205459597,5.694390296936035,4.407822608947754,-0.010533383116126,0.987157940864563,-0.9141598343849182,2.616276502609253,-2.1940057277679443,100.93692779541016,37.87793350219727,26.14201164245605,18.74513053894043,15.623318672180176,14.43064022064209,11.809168815612791,10.658763885498049,11.18246078491211,10.883853912353516,11.296100616455078,9.268492698669434,9.00411319732666,0.1038975198940596,0.1339876942451088,0.0033628335222601,0.0042620906606316,2611.355948045294,1519.5522574564925,2918.508086237008,503.7102112230069,5917.089220171004,2374.9576652093024,ID14,ID14_hc_0_0_0.wav,0,HC
parkinsons,167.3445671338672,79.69006221831735,151.9410423129619,65.0,442.34692369444497,-426.9778442382813,83.3155746459961,16.747650146484375,9.616302490234377,7.050246238708496,4.999439716339111,-9.203620910644531,-7.446287631988525,-2.5943188667297363,-1.5101045370101929,1.746914982795715,-1.9123032093048096,-2.9830262660980225,128.5233154296875,52.44815444946289,33.67506790161133,23.783878326416016,21.417558670043945,14.758389472961426,20.27784538269043,14.561433792114258,12.979018211364746,11.22497272491455,9.312206268310549,8.619977951049805,9.69158935546875,0.1300944514318885,0.1423823690935731,0.015518395230174,0.0161076411604881,2527.1487615041647,1570.6648263428776,2521.123750183684,648.4241376761651,5093.227535283233,2704.7581393412547,ID15,ID15_hc_0_0_0.wav,0,HC
parkinsons,165.80852733584138,80.56528680787773,155.04471038810811,65.0,434.3720739626584,-488.9352722167969,80.91502380371094,37.12145233154297,24.936861038208008,4.069521903991699,-2.313520669937134,-2.982887029647827,-0.2307260185480117,-6.547685146331787,-1.8337286710739136,0.9046512842178344,2.1940577030181885,-4.783379077911377,109.94728088378906,48.88115310668945,24.185306549072266,23.705812454223636,16.551708221435547,15.280200958251951,13.955069541931152,12.000828742980955,14.503551483154297,12.548312187194824,8.994584083557129,8.360219955444336,12.03708553314209,0.1066673444151509,0.1227184438429547,0.0090329200029373,0.0098398244008421,2431.4709405789204,1450.871371449871,2643.1599303757785,585.4540433280091,5114.0815758483695,2645.75875592513,ID19,ID19_hc_0_0_0.wav,0,HC
parkinsons,140.78548485901155,76.22544256988458,146.76537262479704,65.0,222.51914002777897,-526.6019287109375,78.34191131591797,30.6722412109375,21.13818359375,10.086475372314451,3.803154706954956,2.390235662460327,1.839617729187012,-7.8404860496521,1.2892177104949951,5.064940452575684,2.9025766849517822,-1.4827642440795898,103.00025939941406,44.29140090942383,26.26006507873535,20.567745208740234,15.71773910522461,14.862282752990724,14.039750099182127,11.233909606933594,14.153735160827637,11.139158248901367,9.023642539978027,8.638116836547852,9.277806282043455,0.096291745779315,0.1139646295435748,0.0051389411091804,0.0056500690989196,2552.5223104266533,1434.0176312412536,2756.7616003773023,493.0219083863219,5443.64208304107,2361.9319395747343,ID21,ID21_hc_0_0_0.wav,0,HC
parkinsons,142.0744637272064,80.1694884768304,158.21045677717683,65.0,227.65433896553012,-519.344970703125,80.05319213867188,31.50361633300781,20.89300537109375,10.60179042816162,7.641252517700195,3.0347909927368164,-0.3857862055301666,-2.5688605308532715,-2.966857671737671,-2.0070877075195312,3.4943175315856934,-4.859707355499268,117.4844207763672,40.54265213012695,26.533021926879883,23.67216110229492,18.75663185119629,15.674277305603027,15.292520523071287,12.785879135131836,13.115236282348633,13.276570320129396,11.059369087219238,8.420665740966797,11.574938774108888,0.090441252055921,0.1011431735594079,0.0072904210537672,0.0087080784142017,2432.2549285333057,1255.4258095627547,2768.782536206054,525.6732497970587,5398.159024737568,2362.1858552829167,ID22,ID22_hc_0_0_0.wav,0,HC
parkinsons,107.6836253820244,53.29758227860682,68.07411798334074,65.0,192.4317853728347,-545.096923828125,87.854248046875,25.9681396484375,16.04591941833496,17.344507217407227,5.540698051452637,-9.379446029663086,0.8906487226486206,3.1021223068237305,0.2229627966880798,0.5620641112327576,6.105007648468018,2.358725547790528,102.59525299072266,32.96841049194336,23.58085250854492,18.94029426574707,15.588565826416016,13.413450241088867,18.681625366210938,12.232881546020508,13.280617713928224,12.047329902648926,10.027547836303713,8.933513641357422,9.248931884765623,0.0864046173568111,0.0854158073586489,0.004827210213989,0.0076952027156949,2237.9098967286045,1092.1457890799222,2650.0409386187416,535.9356805916866,4866.462239835285,2319.691310858135,ID22,ID22hc_0_0_0.wav,0,HC
parkinsons,148.6700152961381,78.44110578107801,160.04877373483913,65.0,249.6969657132611,-530.0042724609375,83.23119354248047,26.19557762145996,19.193368911743164,8.101715087890625,-1.6892248392105105,-3.9277665615081783,0.5222314596176147,-5.567535400390625,-1.6279102563858032,6.911652088165283,0.3971591591835022,4.2812981605529785,109.26156616210938,43.18818283081055,27.56515312194824,24.117000579833984,17.16904640197754,16.034215927124023,16.038585662841797,11.778401374816896,13.383330345153809,12.114472389221191,9.87818717956543,11.560096740722656,7.92294454574585,0.0851325162054953,0.1058801183066244,0.0066437656059861,0.0084291147068142,2198.07490961388,1210.14615506346,2577.523306283696,556.6731529290557,4800.112641042231,2307.75717598747,ID23,ID23_hc_0_0_0.wav,0,HC
parkinsons,144.38755768986425,87.32884199385313,151.06592630451914,65.0,290.159257083858,-519.0018310546875,65.95524597167969,26.6976375579834,25.335023880004883,12.857175827026367,0.2613844871520996,2.57798433303833,2.344923257827759,-0.3576763272285461,-0.368444949388504,4.201070308685303,3.8922197818756095,2.8248586654663086,96.92179107666016,37.21458435058594,26.26835823059082,20.846250534057617,15.258134841918944,17.392602920532227,11.888910293579102,10.924038887023926,11.62857723236084,11.15341854095459,9.048192977905272,8.471440315246582,7.977636337280273,0.0983293373887383,0.1054673755643474,0.0056655523367226,0.008736883290112,2456.590351878669,1334.1995632878982,2717.5279515391157,599.5316593588465,5305.726250332576,2466.1682098853503,ID25,ID25_hc_0_0_0.wav,0,HC
parkinsons,152.85220390555048,94.97426118733618,150.19585059339548,65.0,436.2587488831687,-509.17724609375,80.87808990478516,26.123931884765625,12.088456153869627,15.58204746246338,0.8031376004219055,-3.14282488822937,6.003942489624023,0.5008165240287781,4.466083526611328,-3.636842012405396,4.3673601150512695,-2.445465564727783,111.12386322021484,39.52317428588867,24.897953033447266,19.60795783996582,14.508424758911133,13.34794807434082,15.363079071044922,10.447617530822754,11.94212245941162,11.619108200073242,13.19882106781006,8.128068923950195,11.452415466308594,0.0978958555050309,0.1184936506470667,0.0059589031152427,0.0071279811672866,2390.3643594834434,1414.8405650879176,2686.9812810312965,502.4677794737062,5092.298374235076,2474.520642863666,ID26,ID26_hc_0_0_0.wav,0,HC
parkinsons,174.59569985724474,88.17519063505517,183.8477631085024,65.0,434.7476683100249,-531.2841796875,94.5146942138672,27.28411293029785,22.13275146484375,18.38724708557129,5.411643981933594,-4.871065616607666,-6.86562442779541,-5.474297046661377,-1.3889342546463013,-4.992493629455566,-3.1332521438598637,6.50552225112915,104.35270690917967,41.21575927734375,27.63768196105957,20.29018211364746,14.995101928710938,11.560531616210938,13.547891616821287,11.278727531433104,12.403646469116213,10.109923362731934,11.4249267578125,11.814611434936523,7.443087577819824,0.0891438298181114,0.1071430389443659,0.0062633962370455,0.006894510705024,2095.850950215772,1233.245464817327,2544.5826877089644,538.9674920447483,4508.814402482827,2389.4883256557805,ID28,ID28_hc_0_0_0.wav,0,HC
parkinsons,205.26321816931997,86.2256385720582,214.87708272009507,65.0,434.7476683100249,-488.8567199707031,80.91465759277344,20.82567977905273,25.75521850585937,9.762956619262695,-3.225181579589844,0.6131185293197632,2.387837648391724,-3.2079708576202397,-7.195573329925537,-2.015172243118286,2.4007389545440674,-3.7792561054229736,126.87522888183594,41.0927619934082,30.701610565185547,23.53853416442871,17.955951690673828,16.07244873046875,14.13963508605957,12.43203353881836,12.365348815917969,10.84831428527832,10.95988655090332,8.852336883544922,11.641121864318848,0.0987788811556695,0.1117491694498237,0.01054981444031,0.0120071452111005,2400.984914485992,1256.2744001931633,2649.5571237942613,553.4576387686499,5190.189448967807,2362.219143210222,ID31,ID31_hc_0_1_1.wav,0,HC
parkinsons,165.18942297454038,103.54476783395675,175.5454930018647,65.0,444.90941335495313,-543.2888793945312,93.77093505859376,42.190547943115234,31.111047744750977,6.557021617889404,1.7748583555221558,3.4750051498413086,-6.27529239654541,0.1381185203790664,1.0508078336715698,-2.4097671508789062,5.715413093566895,-0.5730923414230347,100.8007583618164,37.46124649047852,26.292951583862305,19.2734317779541,18.243242263793945,15.781543731689451,12.523719787597656,16.961519241333008,11.049976348876951,10.488027572631836,10.247182846069336,7.51257848739624,10.938838958740234,0.0729955903516834,0.083888065996372,0.0055476957932114,0.006630877032876,2105.137176385039,1147.655808426816,2640.0934854945317,606.0927238335798,4845.729031872823,2428.4667751717784,ID35,ID35_hc_0_0_0.wav,0,HC
parkinsons,171.92050695683997,129.62257723173684,130.0,65.0,437.2661359319316,-545.4923095703125,86.17156982421875,38.63850402832031,25.45928001403809,9.621896743774414,3.9285695552825928,-2.542585849761963,-4.428525924682617,-0.9012407660484314,-3.0735933780670166,2.2259206771850586,3.5270841121673584,0.6854100823402405,102.77923583984376,43.166053771972656,25.66497802734375,18.491273880004883,13.774715423583984,13.109527587890623,11.300654411315918,10.9257173538208,8.749670028686523,10.265249252319336,7.980666637420654,9.684067726135254,8.52830982208252,0.1066936103183049,0.1129761233993073,0.0043492983095347,0.0062155942432582,2471.8146313935526,1338.3484283336882,2769.121294819664,594.2339613147076,5644.611701138618,2358.8996724744065,ID36,ID36_hc_0_0_0.wav,0,HC
parkinsons,119.01835023340853,56.3790942747298,117.16256013940792,65.0,171.53602840047623,-448.0598449707031,69.53855895996094,35.00012969970703,29.069259643554688,6.529960632324219,8.809414863586426,-3.465614080429077,-2.4135851860046387,-5.356522560119629,-5.308516025543213,-2.723642110824585,8.604013442993164,-6.499188423156738,112.5464859008789,50.864444732666016,24.06367492675781,24.74199104309082,19.852264404296875,13.733134269714355,14.486323356628418,11.48106861114502,10.96993923187256,11.475751876831056,12.309869766235352,9.123828887939451,12.26415729522705,0.1149925019349845,0.1266961735223629,0.0118591487407684,0.0138811096549034,2528.8171354292176,1393.103915580198,2648.077235190774,529.6169547648087,5479.712698260328,2297.7571357304964,ID02,ID02_pd_2_0_0.wav,1,PD
parkinsons,109.26311158858071,75.29280180149442,100.24370365151614,65.0,153.61798374686313,-505.5814514160156,99.38152313232422,25.125293731689453,24.08346939086914,13.425947189331056,3.1226909160614014,-2.306571245193481,2.193967342376709,-1.1992290019989014,-2.7464141845703125,3.316556930541992,2.8507981300354004,5.302432537078857,124.08553314208984,44.5582389831543,28.67959213256836,20.23160171508789,18.86654090881348,11.455744743347168,14.294574737548828,10.779290199279783,12.030020713806152,12.418472290039062,9.565720558166504,10.819269180297852,8.214701652526855,0.0882984078705495,0.0955174019701659,0.0064985081553459,0.0073269894346594,2194.2815461710475,1200.0340292252038,2583.833509060772,616.5564173203222,4946.849253746009,2342.528099105421,ID04,ID04_pd_2_0_1.wav,1,PD
parkinsons,144.18860797289722,100.3384715734729,124.12940850835416,65.0,444.90941335495313,-512.88427734375,87.83289337158203,33.30291748046875,27.542600631713867,9.907696723937988,8.003559112548828,2.772960901260376,-18.006790161132812,-2.4671859741210938,-1.9799729585647583,-12.597366333007812,9.320141792297363,-2.8550708293914795,122.95407104492188,36.81819534301758,22.26583480834961,18.117900848388672,14.652861595153809,11.36260986328125,11.48664379119873,19.39693069458008,11.112221717834473,10.367313385009766,19.28365707397461,10.356527328491213,13.442564010620115,0.0809481121807275,0.0775037154073573,0.0091161075979471,0.0121300378814339,2055.019438761091,974.2295695276028,2568.7387082980517,486.0501101912342,4699.725748068039,1985.2276421986849,ID06,ID06_pd_3_1_1.wav,1,PD
parkinsons,142.9497618690155,62.98692631740848,130.75308233882097,65.0,188.96243554392555,-569.7764892578125,99.51143646240234,40.563232421875,26.92549705505371,-1.7874916791915894,4.089575290679932,15.062678337097168,0.301067441701889,-13.041715621948242,5.424193382263184,-4.505514144897461,-0.2114975899457931,6.074737071990967,103.6595458984375,46.045108795166016,21.852014541625977,18.14506149291992,21.541898727416992,18.03878402709961,9.760319709777832,12.101624488830566,18.771284103393555,9.84791374206543,11.916717529296877,9.128847122192385,7.982697010040283,0.0731356121807275,0.0949919971956796,0.0053545120172202,0.0063767358660697,1972.6403638864745,1155.6028107274,2453.5198643114086,705.3073230928885,4669.159266232706,2398.449763998793,ID07,ID07_pd_2_0_0.wav,1,PD
parkinsons,152.19027973621442,120.62017657876486,121.9969395672486,65.0,439.7991928883532,-480.6066589355469,44.28940200805664,30.88164329528809,23.03179168701172,18.397136688232425,16.912307739257812,7.554082870483398,5.898769378662109,7.010048389434815,4.5373053550720215,4.319159984588623,3.892004013061523,4.822500705718994,54.16250991821289,38.28700256347656,18.955795288085938,14.910513877868652,11.079706192016602,11.426450729370115,10.21714973449707,8.896929740905762,7.480788707733154,7.432780742645264,7.235712051391602,6.118441581726074,5.118605613708496,0.051858152029315,0.0675007852126882,0.0140350889414548,0.0273819286376237,1982.1830721538768,1370.5332036354348,2605.4645290210656,860.8240073745716,4593.618056353401,3186.09467995192,ID13,ID13_pd_3_2_2.wav,1,PD
parkinsons,220.78907721185504,85.10676408599053,208.75994928447787,65.0,437.2661359319316,-529.7960815429688,67.62845611572266,26.548398971557617,20.935422897338867,13.996274948120115,3.2450830936431885,3.467730760574341,-5.334075927734375,-4.299148082733154,-0.8636038899421692,-5.187237739562988,-0.6829596757888794,-4.027223587036133,114.98595428466795,37.62061309814453,25.712791442871094,20.93578720092773,16.142526626586914,17.00843620300293,11.777592658996582,13.389031410217283,11.444624900817873,9.972001075744627,11.538493156433104,8.491646766662598,13.082111358642578,0.0881908877346168,0.1077415341364912,0.0090399514883756,0.012520776130259,2361.1967747641465,1286.9071381505298,2740.1311462061635,581.0429474978715,5295.672144461712,2474.8463104848856,ID16,ID16_pd_2_0_0.wav,1,PD
parkinsons,145.14973213580453,73.3850010863316,160.04877373483913,65.0,241.19137040474044,-540.2177734375,93.38806915283205,34.66331100463867,24.71790885925293,12.193995475769045,-1.0530798435211182,-1.0440863370895386,0.819053053855896,-4.393502235412598,-3.3221447467803955,1.4785882234573364,3.6466174125671382,-0.1365042775869369,101.7153549194336,38.25465774536133,27.05423927307129,18.929988861083984,18.553197860717773,15.970959663391112,14.445241928100586,11.478955268859863,11.455155372619627,10.99825954437256,8.910882949829102,9.01181983947754,9.023882865905762,0.0746469409104102,0.077933095765925,0.0054563973098993,0.006573393009603,2067.142402928413,1085.1692520428023,2620.187633323439,600.1882436991079,4681.567524534999,2441.52078256389,ID17,ID17_pd_2_1_0.wav,1,PD
parkinsons,107.65500424805386,62.59850030006309,77.74624791293124,65.0,160.97592684906726,-596.1519165039062,89.94905853271484,43.52268600463867,27.71186637878418,21.76698875427246,4.649928569793701,1.041983962059021,1.9720991849899288,-0.6323455572128296,0.5615686774253845,4.821225166320801,8.301344871520996,-2.8213412761688232,90.3927001953125,30.268604278564453,17.504629135131836,17.176231384277344,15.282220840454102,13.83148956298828,12.657193183898926,12.451078414916992,9.635107040405272,11.614344596862791,9.3454008102417,7.739462375640869,9.813692092895508,0.0605935489430147,0.0664541484006492,0.0039678770117461,0.0053028324618935,2080.21571748108,908.3246663905676,2835.8101877752106,439.287854926566,5232.047529191055,2171.43892250466,ID18,ID18_pd_4_3_3.wav,1,PD
parkinsons,109.39824835954224,63.63885956559978,108.37392178803432,65.0,162.84637702113662,-478.5799255371094,78.61506652832031,22.74623107910156,19.349130630493164,18.50355339050293,3.9034602642059326,4.717308521270752,2.775698661804199,-6.570699691772461,-0.1828838139772415,1.4540530443191528,3.873837471008301,0.4711347222328186,130.3681182861328,47.03958511352539,20.186492919921875,17.10529136657715,15.19304656982422,15.08760929107666,10.88168239593506,11.013986587524414,15.41693878173828,10.833003044128418,10.253629684448242,9.288127899169922,8.789523124694824,0.0719961632885062,0.0733846916505605,0.0158079862594604,0.0227892231196165,2041.307213278116,1110.5882124754637,2567.789889850631,658.5235733166442,4599.538853884482,2565.1149857269024,ID20,ID20_pd_3_0_1.wav,1,PD
parkinsons,127.90194022853554,72.56758743303875,122.70366064862014,65.0,180.27309090602657,-498.1609802246094,88.10137939453125,28.931659698486328,27.58942604064941,15.339101791381836,4.109230995178223,-5.48261022567749,7.160891532897949,-6.857491970062256,-1.596513748168945,2.5094244480133057,2.237610340118408,3.827223300933838,99.0541763305664,47.49491882324219,25.605249404907227,18.95567321777344,17.687345504760742,14.892863273620604,18.76251220703125,10.233162879943848,14.144315719604492,12.148238182067873,11.68847370147705,9.99018669128418,8.184505462646484,0.0850508840460526,0.0899930724486536,0.008179135620594,0.00887549854815,2151.4424872225136,1259.7661448477168,2495.0033512002783,650.7391496392639,4633.717813875653,2608.3839428517936,ID24,ID24_pd_2_0_0.wav,1,PD
parkinsons,122.52746454447542,101.13720198942588,94.61745688474215,65.0,434.7476683100249,-486.0639953613281,104.04656219482422,34.397891998291016,27.556610107421875,17.814714431762695,4.490797519683838,0.1418766975402832,-7.663427352905273,-0.9124613404273988,-8.097858428955078,1.5616129636764526,2.1790037155151367,-3.418548583984375,112.7032241821289,43.59978485107422,23.09065055847168,18.42448616027832,16.360380172729492,12.062339782714844,12.963664054870604,12.50732421875,10.622185707092283,14.703524589538574,9.486857414245604,8.704925537109375,10.974686622619627,0.0751189713138544,0.0741217290250164,0.0115969330072402,0.0137513549998402,1973.2993994942944,1073.9450318328902,2561.371565905496,649.897799026225,4410.535830093242,2675.963272754374,ID27,ID27_pd_4_1_1.wav,1,PD
parkinsons,103.42451968703688,78.90099654048515,66.51930297979037,65.0,172.75084038439226,-560.648681640625,94.31954193115234,40.3104248046875,19.52544593811035,7.897990226745605,4.628338813781738,9.924160957336426,0.8762254118919373,-4.18037748336792,3.569105386734009,4.493219375610352,0.8604276180267334,3.1459624767303467,98.02210998535156,33.056026458740234,23.58757209777832,17.90765953063965,13.528629302978516,12.882413864135742,11.398357391357422,10.59437656402588,12.857674598693848,10.43857192993164,8.586503982543945,10.470890998840332,8.951515197753906,0.074851210272349,0.0674613383155303,0.0045639281161129,0.0067887380719184,2196.298953034814,928.798251063462,2821.8965038263964,508.8054795951468,5360.580085305606,2227.120156846278,ID29,ID29_pd_3_1_2.wav,1,PD
parkinsons,191.3022339121627,73.65867872030184,209.9692833680109,65.0,283.532010492967,-465.1705322265625,71.85379028320312,35.1686897277832,9.541297912597656,13.644325256347656,3.9288737773895264,-6.562083721160889,-3.8564467430114746,-8.975115776062012,5.949410915374756,-5.690038681030273,0.07385915517807,3.41250991821289,101.97586822509766,49.72964477539063,26.82345390319824,26.02826690673828,15.039010047912598,16.766338348388672,13.65247917175293,11.786449432373049,16.667293548583984,11.015336990356444,13.407930374145508,9.654651641845703,9.416937828063965,0.1313790241631192,0.1541582952714434,0.0121959503740072,0.0129612134769558,2752.947068321074,1671.867998842288,2748.4266173849574,491.7226570271856,5607.611924871203,2581.708592980164,ID30,ID30_pd_2_1_1.wav,1,PD
parkinsons,196.5797245992551,87.18270834825329,178.6139741695516,71.15605655746587,442.34692369444497,-407.0804443359375,96.20104217529295,4.862395763397217,26.48189353942871,24.92025184631348,-0.00783630926162,-4.170822620391846,1.5868736505508425,1.2905397415161133,-1.797676920890808,-0.9053248167037964,3.76410722732544,4.569462299346924,137.5769500732422,47.97460174560547,37.41111755371094,23.691930770874023,19.427539825439453,19.12467193603516,14.151724815368652,12.498769760131836,11.216445922851562,10.344207763671877,12.147597312927246,9.104571342468262,7.892296314239502,0.0612626681017801,0.052395555703703,0.0237398706376552,0.0239978749305009,1821.321633822966,852.1619208852044,2286.854482382355,658.2552699791303,3955.542748040828,2143.485922792412,ID32,ID32_pd_3_1_1.wav,1,PD
parkinsons,164.26902645491884,90.54672019327766,173.52918104210443,65.0,429.75416544019015,-502.2618103027344,73.90520477294922,38.06951522827149,24.494808197021484,8.185887336730957,1.9124329090118408,-6.8711042404174805,-4.208804607391357,0.5894767642021179,-6.610518455505371,-4.396416187286377,1.5691101551055908,-0.2165422439575195,89.62484741210938,30.951892852783203,15.222823143005373,13.282674789428713,12.552571296691896,10.76488971710205,13.232933044433594,11.120962142944336,8.65762710571289,12.347834587097168,12.58033847808838,8.439020156860352,8.448465347290039,0.0781828227796052,0.0645822821296055,0.009101303294301,0.014962320216,2245.809043084117,969.2783445858876,2803.697245113403,574.6958160009113,5415.258921336833,2301.113663777101,ID33,ID33_pd_3_2_2.wav,1,PD
parkinsons,201.0471201376204,75.87741044698444,189.2349137694844,66.51930297979037,391.81653718338976,-486.9049072265625,102.07394409179688,18.5502872467041,16.016714096069336,16.38157081604004,-4.431705474853516,-15.947257995605469,1.262258768081665,3.867741823196411,-7.322545528411865,-5.512310981750488,6.106888294219971,-5.499851226806641,97.88672637939452,46.64773941040039,35.102874755859375,25.506568908691406,16.826826095581055,14.739947319030762,16.378604888916016,11.40998363494873,11.52237606048584,10.521656036376951,9.906740188598633,8.869111061096191,11.833693504333496,0.1065783426857585,0.116124163072487,0.0079077491536736,0.0078568430617451,2220.991565422368,1363.2907262737149,2426.502469319521,667.7141436237072,4516.681021581124,2567.0961443209444,ID34,ID34_pd_2_0_0.wav,1,PD
